token,freq
the,10021
to,4307
official,3991
in,3423
of,3171
video,2864
with,2834
on,2412
and,2358
2018,2297
my,2041
trailer,2000
you,1892
how,1863
for,1788
is,1723
ft,1301
from,1258
it,1207
at,1138
what,1106
vs,1046
2017,1010
new,1006
this,952
me,952
makeup,876
audio,872
music,838
we,831
hd,796
live,790
first,751
why,704
day,697
10,672
challenge,670
by,645
out,632
full,621
game,604
black,593
your,585
star,572
world,571
lyric,569
make,569
about,567
show,566
up,563
time,562
that,550
love,535
all,531
her,528
are,513
movie,509
his,508
do,499
season,482
best,468
teaser,462
can,450
christmas,443
one,442
like,436
life,427
will,423
test,422
super,422
review,421
most,411
james,409
get,406
wars,402
last,395
don,393
more,389
house,388
or,386
diy,380
year,376
news,371
not,370
feat,368
face,366
john,365
ever,364
no,355
made,353
bowl,353
things,351
man,349
be,348
highlights,348
real,344
cat,339
american,338
so,337
top,336
cake,336
perfect,333
look,329
trump,324
down,322
watch,322
food,321
react,312
000,308
if,305
an,301
talk,299
big,298
who,297
as,297
inside,297
bts,296
making,288
night,288
awards,286
tried,283
after,280
off,278
part,277
everything,275
battle,274
giant,273
home,272
every,271
our,268
week,267
beauty,266
tutorial,263
cardi,263
snl,261
wedding,260
people,259
trailers,258
episode,257
when,257
have,256
go,253
box,251
got,251
youtube,250
voice,247
kids,246
questions,245
take,245
ball,240
war,239
apple,238
into,236
does,232
espn,229
back,228
cast,227
nba,227
was,226
honest,226
jedi,224
smith,223
tour,223
old,222
know,222
mom,222
netflix,222
bad,222
nfl,220
makes,215
goes,215
school,215
meghan,214
dog,214
infinity,213
here,213
commercial,212
panther,212
song,210
try,210
story,207
tbs,207
royal,207
never,206
adam,205
he,205
girl,203
kevin,203
chocolate,202
over,201
has,201
kardashian,200
their,199
re,198
tv,198
18,198
room,198
ready,196
michael,192
makeover,191
vogue,190
hot,190
hart,189
kim,189
iphone,189
grace,188
scenes,188
true,188
wrong,188
bbc,188
theory,187
studios,186
being,186
behind,185
slow,184
dead,184
baby,184
us,183
golden,183
high,183
disney,182
red,182
scene,182
chris,181
should,181
wired,181
mendes,180
ice,180
getting,180
white,180
march,180
hair,179
wild,178
let,177
special,175
boy,174
car,173
stephen,172
final,172
blind,172
avengers,170
marvel,170
scott,169
film,169
cooking,169
shawn,169
prince,168
cry,168
history,168
now,167
secret,167
just,167
king,167
heart,166
lip,166
app,165
nbc,165
minutes,164
call,164
during,164
interview,164
fair,163
gets,163
see,163
national,163
again,163
fan,162
america,162
fake,161
holiday,161
artist,161
light,161
family,160
spider,160
line,159
breaks,158
google,158
open,158
mv,157
fox,157
taylor,157
camila,157
miss,156
jennifer,156
dad,155
earth,155
lost,155
league,155
simon,154
him,152
did,152
good,151
justin,150
hbo,150
30,149
graham,149
little,149
plays,148
amazon,148
bought,148
bon,147
24,147
fashion,147
reveal,146
ed,146
stars,146
shopping,145
vanity,145
ep,144
meet,144
15,144
idol,143
dude,143
space,143
cabello,143
through,142
conan,141
today,141
doctor,141
babish,140
4k,140
charlie,140
years,139
kitchen,139
jordan,139
dance,139
tom,138
spot,138
performance,138
falcon,137
she,136
products,136
shooting,135
lebron,135
david,135
routine,135
kelly,135
announcement,135
16,134
stop,134
using,133
motion,133
only,133
left,133
tit,132
swift,132
huge,132
press,131
fire,131
lovato,130
girls,130
demi,130
hannah,130
coming,129
million,128
ad,127
japanese,127
sean,126
jenner,126
but,126
team,126
actually,126
brown,125
sheeran,125
taste,125
pizza,125
breaking,124
cut,124
harry,124
jimmy,123
raw,123
cover,123
markle,122
too,122
hawaii,122
suck,122
olympics,121
need,121
deep,121
kylie,121
100,120
while,120
much,120
gadgets,120
days,119
without,119
same,118
heavy,118
theaters,118
explained,118
sports,118
fortnite,118
remix,118
before,118
college,117
water,117
norton,117
13,117
name,117
they,116
florida,116
vlog,116
less,116
view,116
internet,115
kate,114
twice,114
machine,114
paul,114
solo,113
stocking,113
greatest,113
eating,112
11,112
nick,112
come,112
hit,111
collection,111
galaxy,110
blood,109
talks,109
anthem,109
money,109
hydraulic,109
mo,109
reading,109
speech,108
fall,108
deadpool,108
oscars,108
following,108
laugh,108
sam,107
two,107
14,107
la,107
animated,107
50,107
dream,107
surprise,107
helbig,106
answers,106
original,106
won,106
expensive,106
really,106
future,106
birthday,106
between,105
volcano,105
trying,105
store,105
president,104
dan,104
found,104
french,104
party,104
daily,104
cup,104
ones,104
some,103
young,103
pictures,103
spicy,103
these,103
mystery,103
musical,103
takes,103
samsung,103
trick,103
bill,103
tries,102
women,102
mon,102
death,102
lil,102
instagram,102
pentatonix,102
minaj,101
complex,101
launch,101
tech,101
donald,101
emotional,101
had,101
sneaker,101
nicki,101
shorts,101
fish,100
movies,100
century,100
12,100
khalid,100
selena,100
princess,100
want,99
football,99
boyfriend,99
sandwich,99
worth,99
yourself,99
casey,99
gomez,99
living,99
eye,98
puth,98
de,98
anwar,98
friend,98
jibawi,98
update,98
tesla,97
everyday,97
nintendo,97
other,97
shows,97
abc,97
dancing,97
timberlake,97
favorite,97
very,96
gambino,96
ant,96
refinery29,96
under,96
woman,96
train,96
childish,96
times,95
riverdale,95
myself,95
say,95
wwhl,95
mind,94
guide,94
network,94
gaming,94
breakfast,94
moon,94
acoustic,93
easy,93
reacts,93
dogs,93
april,93
sia,93
pregnancy,93
kiss,93
queen,92
carrie,92
away,92
end,92
loud,92
science,92
rock,92
fit,92
air,91
moments,91
champions,91
could,91
break,91
exclusive,91
twins,90
yiay,90
asmr,90
valentine,90
happy,90
going,90
performs,90
17,90
winter,90
tape,89
reaction,89
20th,89
short,89
minute,89
men,89
street,89
whats,89
date,88
choreography,88
next,88
pons,88
videos,88
version,88
speaks,88
went,88
lele,88
cream,88
way,88
facts,87
tell,87
were,87
introducing,87
sings,87
santa,86
jay,86
royale,86
wings,86
worst,86
place,86
audition,85
pretty,85
amazing,85
reveals,85
west,85
diplo,85
anna,85
rudy,85
jason,85
magic,85
weird,85
eat,84
dress,84
race,84
morning,84
liza,83
guys,83
dodo,83
tribute,83
pop,83
web,83
vegan,83
tears,83
searched,83
jump,83
showman,83
fast,83
mexican,82
basics,82
robot,82
clarkson,82
stranger,82
s9,82
aguilera,82
brad,82
photo,82
burger,82
christina,82
jonas,82
built,81
jack,81
justice,81
looks,81
door,81
work,81
teeth,80
mars,80
prom,80
bear,80
recipe,80
nothing,80
featuring,80
shape,80
met,80
india,80
youtubers,80
jamie,80
there,80
mirror,79
drop,79
20,79
mancuso,79
think,79
play,79
working,78
mission,78
lucas,78
foundation,78
didn,78
dating,78
70,78
walker,78
skin,77
summer,77
happened,77
friends,77
jurassic,77
quick,77
pick,77
marshmello,77
impossible,77
job,77
cookies,77
york,76
urban,76
epic,76
60,76
february,76
act,76
truth,76
own,76
match,76
chicken,76
hollywood,76
fans,76
grande,76
underwood,76
fly,76
its,75
grand,75
person,75
bros,75
presents,75
broadway,75
parents,75
broke,75
player,75
egg,74
joe,74
country,74
tiny,74
guetta,74
biggest,74
eagles,74
cosmetics,74
julia,74
album,74
eve,74
than,74
uefa,73
still,73
travel,73
blue,73
second,73
alan,73
mcdonald,73
guess,73
ariana,73
state,73
glass,73
daughter,73
preview,72
trainor,72
expert,72
fried,72
ultimate,72
restaurant,72
lopez,72
wwe,72
yolanda,72
office,72
edition,72
give,72
puppy,72
cube,71
rose,71
drake,71
wins,71
feel,71
billboard,71
moore,71
nyc,71
rooster,71
lives,71
binging,71
rubik,71
fifa,71
thomas,71
finally,71
montana,70
wore,70
cyanide,70
happiness,70
alex,70
put,70
round,70
win,70
reacting,70
havana,70
crush,70
drama,70
long,69
mr,69
something,69
ufc,69
paramount,69
finale,69
seconds,69
cavaliers,69
welcome,69
charles,69
right,69
escape,69
coachella,69
hand,69
hacks,68
testing,68
jessica,68
free,68
advice,68
hotel,68
tmz,68
where,68
proposal,68
warriors,68
weather,68
mic,68
matt,68
record,68
hour,68
frozen,68
buffet,68
wake,67
teen,67
stuff,67
green,67
unboxing,67
rexha,67
chloe,67
great,67
apartment,67
bebe,67
small,67
learned,67
walk,67
points,67
kid,67
thor,66
grammys,66
extended,66
larry,66
dark,66
peter,66
around,66
21,66
body,66
mario,66
kris,66
girlfriend,66
would,66
sing,66
secrets,66
pie,66
buying,66
pro,66
tonight,66
cats,66
twitter,66
change,66
gift,66
city,66
caught,66
footage,66
madrid,65
card,65
jackson,65
self,65
versus,65
art,65
christopher,65
hey,65
rupaul,65
surprising,65
ve,65
clear,65
rich,65
weirdest,65
25,65
used,65
which,65
bean,65
five,65
crazy,65
incredibles,64
japan,64
hole,64
prison,64
famous,64
town,64
foil,64
better,64
champion,64
jones,64
child,64
january,64
returns,63
eminem,63
kendrick,63
prank,63
delicate,63
georgia,63
running,63
bay,63
movieclips,63
homemade,63
wife,63
problem,63
mean,63
gave,63
frontal,63
li,63
camera,62
talking,62
impressions,62
dj,62
cheap,62
says,62
plan,62
nail,62
airplane,62
homeless,62
jackie,62
aina,62
fight,62
eats,62
am,62
22,62
gq,62
cold,61
rippon,61
bruno,61
model,61
hill,61
move,61
covers,61
bella,61
half,61
lava,61
evans,61
liam,61
number,61
north,60
become,60
moving,60
charli,60
45m,60
stream,60
done,60
clip,60
mark,60
series,60
buy,60
hard,60
victoria,60
korea,60
blake,60
mike,60
whole,60
spy,60
tree,60
ryan,60
xcx,60
rocket,59
wilson,59
explains,59
michaels,59
alive,59
globes,59
weekend,59
detector,59
scuba,59
bar,59
studio,59
road,59
bgt,59
sivan,59
troye,59
chun,58
shots,58
switch,58
cool,58
spoilers,58
smallest,58
lii,58
gampp,58
potato,58
geographic,58
pok,58
walking,58
lady,58
calum,58
learn,58
been,58
together,57
pt,57
harris,57
scared,57
miranda,57
engine,57
price,57
rice,57
ways,57
valentines,57
turkey,57
doesn,57
came,57
curry,57
zones,57
then,57
return,57
daddy,57
jersey,57
phone,56
solve,56
logic,56
patrickstarrr,56
seen,56
ride,56
meets,56
arrested,56
carpet,56
paris,56
andy,56
medley,56
watches,56
ralph,56
jan,56
lounge,56
pencil,56
sza,56
ll,56
god,55
words,55
different,55
calvin,55
mayer,55
nassar,55
dua,55
lipa,55
guy,55
marie,55
3d,55
holmes,55
scores,55
tax,55
buzzer,55
winning,55
vacuum,55
tina,55
sounds,55
december,55
robin,55
halsey,55
gourmet,55
bread,54
polished,54
experience,54
auditions,54
lamar,54
lego,54
largest,54
steak,54
fort,54
set,54
chainsmokers,54
well,54
oh,54
sync,54
steve,54
balvin,54
hits,54
beats,54
haul,54
south,54
migos,54
kilauea,54
duty,53
speechless,53
power,53
rockets,53
addresses,53
rick,53
miami,53
kingdom,53
thanksgiving,53
wrinkle,53
turned,53
spacex,53
dear,53
happens,53
karlie,53
kloss,53
late,53
koshy,52
molten,52
polar,52
save,52
saoirse,52
seth,52
amtrak,52
hours,52
dragons,52
police,52
payne,52
stage,52
serious,52
pet,52
epicurious,52
sephora,52
singer,52
moment,52
bake,52
outfits,52
energy,52
playing,52
animal,52
ronan,52
attack,52
eazy,52
lights,52
alone,52
broken,52
wish,52
three,51
works,51
transformation,51
sea,51
games,51
merrell,51
mindy,51
cars,51
colour,51
walmart,51
land,51
kaling,51
korean,51
ex,51
guesses,51
disneyland,51
celebrity,51
almost,51
lauv,51
picks,51
crew,51
mad,51
olympic,51
velvet,51
ellen,51
kesha,51
pond,51
kristen,51
khloe,51
support,51
omg,50
objects,50
players,50
eggs,50
factory,50
snow,50
strangers,50
wearing,50
once,50
mini,50
gordon,50
jim,50
fifth,50
johnson,50
bomb,50
bbq,50
english,50
nikki,50
adventure,50
360,50
speak,50
unicorn,50
luke,49
cena,49
houston,49
lazy,49
adventures,49
laughing,49
paper,49
bang,49
cook,49
500,49
nummies,49
chef,49
george,49
barcelona,49
nerdy,49
pool,49
lie,49
playoffs,49
dave,49
message,49
winner,49
ninja,49
theme,49
skills,49
puppies,49
driver,49
numberphile,49
spoiler,48
demo,48
glamour,48
holidays,48
gingerbread,48
dollar,48
club,48
countries,48
shannon,48
technology,48
bachelor,48
rainbow,48
diving,48
burn,48
underground,48
queer,48
sky,48
roy,48
imagine,48
1st,48
oscar,47
meat,47
legend,47
report,47
hall,47
taking,47
bed,47
believe,47
viral,47
funny,47
vikings,47
wear,47
festival,47
planet,47
wishes,47
jade,47
wait,47
toyota,47
ragnarok,47
british,47
meeting,47
cheese,47
flight,47
answering,47
organized,47
kit,47
songs,47
kimmel,47
sister,47
channel,47
draw,47
ben,47
california,46
sorry,46
became,46
krasinski,46
transforming,46
bloodpop,46
said,46
sleep,46
crashes,46
use,46
a24,46
ocean,46
opens,46
keith,46
mac,46
sexual,46
kai,46
cobra,46
language,46
soundtrack,46
yoga,46
smash,46
harmony,46
russia,46
career,46
find,46
kuwtk,46
build,45
truck,45
online,45
katy,45
peek,45
isle,45
gender,45
fallen,45
cole,45
total,45
accent,45
grinning,45
martin,45
lovely,45
wet,45
glam,45
fries,45
sarah,45
comedy,45
grey,45
talent,45
action,44
williams,44
hope,44
major,44
smart,44
favorites,44
brain,44
127,44
racist,44
fc,44
tyler,44
any,44
janelle,44
panic,44
bag,44
ora,44
hero,44
ii,44
australian,44
sent,44
el,44
tweets,44
perform,44
undisputed,44
rita,44
class,44
cupcake,44
pc,44
joel,44
shoot,44
mcmahon,44
knock,44
drag,44
73,43
300,43
judge,43
based,43
khaled,43
mexico,43
holes,43
kanye,43
insane,43
clash,43
features,43
asking,43
lin,43
films,43
atlas,43
killer,43
earthquake,43
billy,43
closer,43
tips,43
msnbc,43
tale,43
fallon,43
fry,43
subscribers,43
wintour,43
lawrence,43
eruption,43
easter,43
manuel,43
radio,42
tunnel,42
somebody,42
lucky,42
labo,42
tomb,42
reviews,42
reality,42
pitbull,42
insta,42
raider,42
ghost,42
zoella,42
petsch,42
competes,42
howard,42
june,42
dornan,42
finds,42
someone,42
cam,42
grammy,42
longest,42
rihanna,42
madelaine,42
force,42
franco,41
head,41
friday,41
false,41
hailee,41
da,41
november,41
maddie,41
joey,41
whitney,41
steinfeld,41
drew,41
honey,41
doing,41
bright,41
patrick,41
lewis,41
willy,41
clean,41
run,41
rumble,41
ops,41
vanderwaal,41
shelton,41
director,41
banks,41
style,41
always,41
s5,41
graceffa,41
zombies,41
computer,41
bell,41
ipad,41
laser,41
married,40
analysis,40
himself,40
clothes,40
according,40
lindsey,40
setup,40
former,40
father,40
americans,40
worse,40
meaning,40
sigrid,40
read,40
remy,40
thank,40
40,40
capaldi,40
balls,40
court,40
van,40
hunger,40
officials,40
start,40
delivers,40
horse,40
hunter,40
philippines,40
ma,40
table,40
marriage,40
even,40
tasty,40
weeknd,40
anne,40
beautiful,40
ign,40
allure,40
dragon,40
bieber,40
perry,40
cola,39
non,39
lauren,39
rewind,39
gone,39
designer,39
strong,39
jess,39
decision,39
viralhog,39
acceptance,39
josh,39
architectural,39
steelers,39
australia,39
vlogs,39
coca,39
beetle,39
macklemore,39
vlogmas,39
workout,39
leave,39
mia,39
pixar,39
glynne,39
side,39
each,39
zayn,39
touch,39
digest,39
stapleton,39
maluma,39
bird,39
joy,39
zero,39
mayweather,39
announces,38
garlic,38
kyle,38
alexa,38
presidents,38
nikkietutorials,38
professionally,38
speaker,38
teens,38
continues,38
dinner,38
control,38
son,38
u2,38
morgan,38
deadliest,38
morty,38
florence,38
smartphone,38
fishing,38
crying,38
featurette,38
stories,38
sneak,38
19,38
quiet,38
7th,38
mouse,38
center,38
sarkis,38
oprah,38
concert,38
electric,38
lyrics,38
near,38
inanna,38
cw,38
butter,38
avicii,37
ladylike,37
jr,37
rousey,37
ceo,37
lucy,37
hudson,37
keep,37
custom,37
shay,37
female,37
pranks,37
search,37
figure,37
foot,37
chip,37
fun,37
ruins,37
event,37
trap,37
health,37
tank,37
robert,37
joker,37
nk,37
navy,37
fail,37
mamma,37
sju,37
garden,37
76,37
least,37
falling,37
conference,37
gold,37
failed,37
color,37
middle,37
beyonc,37
trampoline,37
hands,37
jeopardy,37
tag,37
aren,37
ho,37
scran,37
spring,37
tinder,36
canada,36
underwater,36
flying,36
china,36
amor,36
candy,36
hulkbuster,36
island,36
chinese,36
legs,36
eilish,36
may,36
tarte,36
ending,36
dna,36
undercover,36
bradmondo,36
key,36
hulu,36
four,36
pastry,36
simple,36
gun,36
primitive,36
museum,36
flames,36
ellie,36
starbucks,36
senate,36
double,36
myths,36
jaclyn,36
attempts,36
usa,36
step,36
natalie,36
venom,36
close,36
steel,36
bach,36
billie,36
cyrus,36
styles,36
pass,35
premieres,35
fbi,35
practice,35
singing,35
halle,35
raptors,35
noah,35
east,35
gaga,35
facebook,35
airlines,35
metal,35
useless,35
thr,35
basketball,35
gives,35
calories,35
prime,35
101,35
impression,35
pitch,35
spectacular,35
launches,35
ver,35
colors,35
benedict,35
yellow,35
wall,35
mask,35
sound,35
oliver,35
kane,35
jeff,35
frog,35
alesso,35
handmaid,35
mama,35
ronda,35
anderson,35
experiment,35
maroon,35
savage,35
andre,35
asian,35
france,35
cnbc,35
honda,35
mitchell,34
desi,34
gala,34
awkward,34
olivia,34
raja,34
ideas,34
disco,34
mental,34
ifc,34
derulo,34
ads,34
emily,34
glowing,34
wonka,34
tone,34
irl,34
far,34
animation,34
dirty,34
perkins,34
nowhere,34
reasons,34
pump,34
clickbait,34
essentials,34
jet,34
casting,34
africa,34
ruview,34
recap,34
homepod,34
drank,34
merry,34
feud,34
celtics,34
crisis,34
picture,34
brass,34
fx,34
trash,34
99,34
turn,34
rant,34
river,34
mobile,34
outfit,33
exist,33
serve,33
alien,33
dare,33
nailogical,33
claims,33
eyes,33
geo,33
iron,33
jam,33
beat,33
tested,33
cards,33
chicago,33
thinks,33
park,33
nerf,33
strikes,33
landing,33
musk,33
thing,33
sushi,33
helped,33
nygaard,33
anti,33
liu,33
nightmares,33
universe,33
trutv,33
driving,33
le,33
safiya,33
rare,33
cheddar,33
fruit,33
elon,33
early,33
kills,33
wasp,33
track,33
carpool,33
sag,33
span,33
boston,33
hold,33
bit,33
thoughts,33
palette,33
turner,33
gauntlet,33
entire,33
kkw,33
karaoke,33
melania,33
simply,33
dallas,33
washington,32
smarter,32
extra,32
jake,32
recipes,32
fallout,32
angeles,32
molly,32
adults,32
iglesias,32
sanju,32
nast,32
goal,32
jenna,32
pepsi,32
guest,32
jumanji,32
vertical,32
lineup,32
calls,32
traveler,32
los,32
hype,32
violence,32
explain,32
gym,32
chamber,32
bryce,32
waste,32
stone,32
max,32
photos,32
cha,32
mtv,32
hugh,32
pray,32
enrique,32
shell,32
kapoor,32
rally,32
gopro,32
terrible,32
notes,32
jenkins,32
iphones,32
fix,32
flower,32
theories,32
cond,32
charlamagne,32
difference,32
bring,32
skincare,32
military,32
ranbir,32
rajkumar,32
hirani,32
shake,32
experiments,32
fastest,32
medical,32
movement,32
wrestling,32
band,32
snapchat,32
sanders,32
intel,32
magnets,32
impulse,32
23,32
details,31
powerful,31
size,31
pacific,31
elle,31
brian,31
dangerous,31
cohen,31
steals,31
wreck,31
zendaya,31
campea,31
rey,31
kehlani,31
vince,31
later,31
keeping,31
stirling,31
warning,31
27,31
superstar,31
obsessed,31
brett,31
miracle,31
emergency,31
butler,31
another,31
sportscenter,31
suicide,31
liverpool,31
diablo,31
glow,31
comes,31
catch,31
pancake,31
coverage,31
died,31
forces,31
couldn,31
sauce,31
baking,31
beef,31
because,31
hurt,31
foster,31
fantasy,31
siri,31
lee,31
jackman,31
overwatch,31
championship,31
bellas,31
award,31
characters,31
bags,31
thunder,31
cleveland,31
actors,31
helps,31
abandoned,31
multiplayer,31
nct,31
seat,31
circle,31
brings,31
stefani,30
prix,30
pies,30
westworld,30
rise,30
interviews,30
sport,30
matters,30
zurita,30
ces,30
seal,30
book,30
since,30
please,30
tinashe,30
sugarland,30
fancy,30
diet,30
silver,30
hear,30
meal,30
thanos,30
peele,30
help,30
seasons,30
boys,30
gwen,30
derails,30
journey,30
title,30
beyonce,30
rules,30
roseanne,30
dramatic,30
survival,30
500fps,30
london,30
prototype,30
bowling,30
becky,30
bells,30
minogue,30
foxx,30
master,30
glasses,30
mansion,30
sweet,30
maia,30
ain,30
harper,30
drone,30
paint,30
tattoo,30
fergie,30
juanpa,30
lot,30
promo,30
mirren,29
hiddleston,29
limit,29
reviewed,29
braxton,29
musgraves,29
rachel,29
sued,29
sleeping,29
aiko,29
matter,29
thought,29
blunt,29
deal,29
superman,29
cereal,29
microsoft,29
thursday,29
kacey,29
plane,29
milo,29
hilarious,29
global,29
friendship,29
10th,29
crystal,29
stops,29
engagement,29
jonghyun,29
jhen,29
filming,29
helen,29
storm,29
nunes,29
allegations,29
injured,29
building,29
jumping,29
fireworks,29
sad,29
scientists,29
massive,29
giving,29
russell,29
skittles,29
millie,29
vr,29
goodbye,29
impact,29
shares,29
mid,29
costume,29
simone,29
youngboy,29
chou,29
fine,29
co,29
swatches,29
took,29
mylifeaseva,29
awesome,29
survive,29
wave,29
twin,29
niece,28
ham,28
bacteriophage,28
list,28
dogg,28
stefflon,28
spirit,28
positive,28
comments,28
eaten,28
nyt,28
tia,28
slide,28
fear,28
bitcoin,28
sub,28
bloom,28
miguel,28
safe,28
chips,28
dr,28
dressed,28
samurai,28
alisha,28
net,28
destroys,28
kitten,28
patriots,28
watching,28
mermaid,28
bohemian,28
barkley,28
michelle,28
aoki,28
rhapsody,28
destroy,28
travis,28
sugar,28
wasn,28
ohio,28
ronaldo,28
spotlight,28
eliminated,28
snoop,28
medium,28
yankee,28
turtle,28
4th,28
feb,28
shore,28
gurus,28
allen,28
mckinnon,28
mary,28
floyd,28
coffee,28
amy,28
moves,28
odyssey,28
swimming,27
habits,27
vet,27
aluminium,27
isn,27
sumo,27
rumors,27
deleted,27
august,27
kitty,27
hosting,27
board,27
effect,27
wendy,27
wolves,27
coast,27
ultra,27
ten,27
cooper,27
al,27
human,27
drugstore,27
grader,27
wonder,27
fridge,27
ann,27
priyanka,27
chopra,27
platt,27
kyrie,27
sand,27
blackkklansman,27
banana,27
dumped,27
character,27
peel,27
gray,27
inspired,27
destination,27
graphics,27
roommate,27
clock,27
meteor,27
reactions,27
horror,27
jonathan,27
chalamet,27
them,27
sick,27
invited,27
cute,27
lavar,27
domestic,27
milestone,27
hamill,27
emma,27
owner,27
memes,27
happen,27
problems,27
2nd,27
saved,27
backstreet,27
compliment,27
clutch,27
static,26
congress,26
stephanie,26
carli,26
describes,26
motorsport,26
roman,26
bye,26
fits,26
neutrality,26
missed,26
sequel,26
sabrina,26
floss,26
everybody,26
controversy,26
maggie,26
deals,26
types,26
keynote,26
monster,26
haunted,26
irving,26
excuses,26
blaine,26
turning,26
reardon,26
edit,26
lies,26
matthew,26
reigns,26
announce,26
magnetic,26
duplex,26
nat,26
piece,26
1000,26
bybel,26
announced,26
knows,26
grid,26
frank,26
ambassadors,26
semi,26
bryan,26
origins,26
reason,26
classic,26
dion,26
pelicans,26
coconut,26
design,26
heaven,26
mega,26
bloopers,26
crash,26
90s,26
halftime,26
parody,26
nominations,26
sun,26
fresh,26
29,26
grwm,26
mascara,26
forget,26
chill,26
st,26
pre,26
hayes,26
station,26
goals,26
theodd1sout,25
dresses,25
wouldn,25
labrinth,25
selfie,25
quavo,25
released,25
imac,25
zedd,25
omelet,25
solved,25
tide,25
sidemen,25
records,25
pumpkin,25
pixel,25
clearly,25
amanda,25
hell,25
share,25
die,25
slime,25
dinero,25
weapon,25
batman,25
answer,25
ron,25
ceremony,25
ramsey,25
diss,25
keyboard,25
corden,25
dean,25
offers,25
louis,25
dolla,25
union,25
jeep,25
shooter,25
haddish,25
gundy,25
casually,25
faced,25
contest,25
recreate,25
nerdist,25
rug,25
guitar,25
visit,25
tiffany,25
3rd,25
lsd,25
nasa,25
45,25
countdown,25
jessie,25
ok,25
qb,25
e5,25
com,25
everyone,25
neistat,25
fluffy,25
oficial,25
william,25
machines,25
dat,25
blade,25
historic,25
angels,25
omargoshtv,25
oobleck,25
ebay,25
killed,25
nicky,25
bialik,25
led,25
mutualism,25
against,25
forever,25
deer,25
kick,25
hielo,25
britain,25
clearance,25
mayim,25
flavor,25
macaroons,25
faze,25
gates,25
powered,25
mommy,25
tony,25
misconduct,25
veitch,25
hulk,24
locker,24
faded,24
guts,24
natural,24
bazaar,24
bullied,24
tommy,24
451,24
winners,24
manheim,24
bone,24
keala,24
holy,24
chat,24
bunny,24
holland,24
attention,24
buchanan,24
settle,24
treasure,24
freak,24
conor,24
funeral,24
needs,24
roll,24
memoriam,24
context,24
kelp,24
nightly,24
tamar,24
laura,24
saints,24
hercules,24
tests,24
devils,24
legendary,24
portugal,24
dishes,24
animals,24
giertz,24
chelsea,24
extremely,24
hader,24
meg,24
someday,24
britton,24
zealand,24
surprises,24
media,24
obsidian,24
polish,24
butterfly,24
candidate,24
trained,24
se,24
chart,24
donnelly,24
dominoes,24
becoming,24
felix,24
stevens,24
insanely,24
finger,24
utah,24
wiseau,24
fahrenheit,24
poppe,24
azealia,24
marzia,24
breakup,24
starters,24
company,24
wants,24
carol,24
rodney,24
rogen,24
sentencing,24
celebration,24
mvp,24
bigger,24
pr,24
drive,24
content,24
totally,24
vol,24
flashback,24
lookbook,24
bum,24
tam,24
elaborate,24
bump,24
threw,23
shades,23
bj,23
hut,23
celebs,23
access,23
120,23
60th,23
fighter,23
boxes,23
collab,23
magicians,23
difficult,23
cumberbatch,23
rk,23
kourtney,23
handling,23
dodie,23
invisible,23
meryl,23
dough,23
tommorrow,23
kinetic,23
signs,23
diana,23
fifty,23
90,23
versace,23
ezra,23
anymore,23
sword,23
coin,23
visualizer,23
jesus,23
goodwill,23
ty,23
choir,23
juicy,23
italian,23
hammer,23
jemma,23
touches,23
fortune,23
bobby,23
bones,23
hide,23
davis,23
lied,23
harassment,23
cop,23
course,23
cactus,23
code,23
quiz,23
burke,23
e3,23
plus,23
namiko,23
salaam,23
zhavia,23
screenplay,23
buys,23
hansen,23
masked,23
elders,23
ashes,23
un,23
goat,23
boxing,23
yorker,23
months,23
quinto,23
ashley,23
lived,23
naked,23
streep,23
arctic,23
kebab,23
popcorn,23
remi,23
ridiculous,23
surgery,23
linkin,23
bennett,23
favourites,23
evan,23
20180513,23
matthews,23
begin,23
strike,23
lifestyle,23
minnesota,23
peppermint,23
gallant,23
bridge,23
teaches,23
mcdonalds,23
leonard,22
spill,22
visual,22
biles,22
slowing,22
mile,22
cooks,22
runs,22
petty,22
service,22
aisle,22
doritos,22
anchor,22
schools,22
display,22
crime,22
broadcast,22
yanny,22
psi,22
present,22
brought,22
played,22
29th,22
im,22
anything,22
2020,22
scam,22
hathaway,22
crow,22
outside,22
updated,22
logan,22
mercedes,22
growing,22
subway,22
android,22
camp,22
single,22
chastain,22
laurel,22
drunk,22
waterjet,22
brighten,22
danny,22
vanessa,22
admits,22
mysteries,22
screen,22
57,22
finals,22
rip,22
masters,22
grinch,22
poop,22
hopes,22
cries,22
surface,22
longer,22
address,22
pikachu,22
followed,22
stand,22
rascals,22
neighbor,22
portman,22
stir,22
confirms,22
sure,22
amas,22
hood,22
id,22
daisy,22
dish,22
fnaf,22
extreme,22
shuts,22
chilling,22
charms,22
host,22
dec,22
erika,22
castle,22
taron,22
factor,22
peace,22
gotta,22
boomerang,22
log,22
stuck,22
boo,22
international,22
435,22
egerton,22
entertainer,22
superhero,22
ridley,22
wood,22
alabama,22
2007,22
starring,22
ruined,22
bacon,22
fat,22
timoth,22
thinking,22
digging,21
target,21
snowman,21
clippers,21
enough,21
bistec,21
toronja,21
gameplay,21
ford,21
ludacris,21
myth,21
maren,21
85,21
manhattan,21
cookie,21
rams,21
guilty,21
select,21
transgender,21
wine,21
tomorrow,21
lily,21
rim,21
ugly,21
ca,21
area,21
bull,21
cosplay,21
cross,21
rained,21
rover,21
hudgens,21
tie,21
opening,21
premium,21
check,21
200,21
natasha,21
reported,21
loft,21
carey,21
flaming,21
2000,21
effects,21
paradox,21
trl,21
pasta,21
knocks,21
sen,21
recreating,21
popular,21
valley,21
pit,21
accused,21
pay,21
mason,21
zachary,21
marinero,21
warm,21
funfetti,21
scarcity,21
election,21
matpat,21
nra,21
betty,21
todrick,21
controversial,21
scratching,21
28,21
metamorphose,21
ballad,21
milk,21
ginger,21
grapefruit,21
commercials,21
nerd,21
social,21
range,21
cl,21
front,21
camels,21
bob,21
minivan,21
jane,21
treatment,21
format,21
runway,21
hijacks,21
clinton,21
devin,21
leads,21
morris,21
dinosaur,21
clever,21
eva,21
antarctica,21
genius,21
sin,21
22nd,21
jodie,21
sico,21
salt,21
atlanta,21
wassabi,21
recreation,21
printed,21
cantina,21
block,21
parker,21
triple,21
anthony,21
names,21
stakes,21
anywhere,21
squarepants,20
ate,20
reddit,20
prep,20
arms,20
humans,20
190,20
shoots,20
era,20
markiplier,20
attempt,20
also,20
roadster,20
lake,20
bullet,20
brands,20
katie,20
jewelry,20
pijama,20
mre,20
soon,20
pink,20
diner,20
sony,20
parked,20
jokes,20
celebrate,20
presented,20
sight,20
rc,20
snake,20
mowry,20
couple,20
independent,20
zone,20
wonderland,20
familiar,20
knife,20
seattle,20
mix,20
saving,20
tarantino,20
chapter,20
challa,20
entrance,20
eleven,20
madness,20
faith,20
transfer,20
predict,20
kardashians,20
taco,20
kendall,20
pilots,20
pancakes,20
spending,20
ticket,20
lucie,20
hat,20
combs,20
echo,20
rap,20
digs,20
ration,20
abraham,20
strangest,20
unknown,20
rat,20
neil,20
helping,20
subs,20
direct,20
minneapolis,20
laurie,20
sydney,20
vidcon,20
yet,20
fantastic,20
falls,20
braille,20
spongebob,20
weeks,20
chvrches,20
invitational,20
grandpa,20
mi,20
pouring,20
cuts,20
pratt,20
shaq,20
pts,20
beasts,20
crushing,20
bracelet,20
choice,20
sims,20
szechuan,20
trust,20
jelly,20
natti,20
elizabeth,20
dies,20
garrix,20
mariah,20
mateo,20
slip,20
cowboy,20
pokemon,20
pitt,20
istrefi,20
data,20
shane,20
dawson,20
nails,20
bee,20
missile,20
changing,20
catching,20
peep,20
piano,20
annihilation,20
fairy,20
groban,20
margot,20
nuh,20
backlash,20
mouth,20
robbie,20
yodel,20
teardown,20
drink,20
afrojack,20
cancelled,20
mustard,20
megyn,20
whopper,20
transparent,20
compares,19
amputees,19
nicole,19
july,19
5th,19
weeny,19
spiral,19
audience,19
themselves,19
jamez,19
corgi,19
iran,19
punch,19
messed,19
weddings,19
karate,19
wade,19
bass,19
trippie,19
emblem,19
bonus,19
magical,19
county,19
reminisce,19
began,19
shock,19
mcgregor,19
smallfoot,19
blow,19
suspect,19
create,19
wireless,19
pin,19
mousetrap,19
lets,19
shoshana,19
redd,19
rudimental,19
brush,19
beginners,19
seven,19
security,19
causes,19
asks,19
cell,19
stretched,19
noodles,19
hemsworth,19
ramsay,19
government,19
dakota,19
ingrid,19
nilsen,19
ends,19
antonio,19
blindfolded,19
kali,19
conceal,19
freeman,19
suite,19
regenerates,19
whittaker,19
artificial,19
mlb,19
tully,19
gabbie,19
express,19
vacation,19
elgort,19
birth,19
youth,19
uchis,19
concept,19
418,19
lipstick,19
nature,19
path,19
hiding,19
san,19
tottenham,19
teeny,19
pregnant,19
haven,19
lead,19
aldean,19
flu,19
tea,19
daley,19
rush,19
caplen,19
shave,19
officer,19
skywalker,19
toxic,19
basically,19
omarosa,19
fenty,19
dana,19
assistant,19
stole,19
zac,19
vanilla,19
illegal,19
animatronic,19
exercise,19
parade,19
historical,19
shark,19
rings,19
dwyane,19
pets,19
harley,19
meats,19
lose,19
shot,19
daytona,19
sit,19
church,19
vintage,19
introduction,19
harvard,19
hernandez,19
covered,19
airport,19
ring,19
sunny,19
arrest,19
thrones,19
ansel,19
rescue,19
floor,19
tracy,19
twelfth,19
storytime,19
square,19
literally,19
kemper,19
efron,19
womans,19
comic,19
knowledge,19
unbelievable,19
faris,19
chit,19
nolan,19
horan,19
christ,19
actress,19
victim,19
niall,19
stepping,19
brent,19
curling,19
dreaming,19
winchester,18
laptop,18
islands,18
suspected,18
brooks,18
stairs,18
acab,18
hilariously,18
blaster,18
booth,18
joshua,18
blossom,18
poppy,18
gillespie,18
bend,18
kobe,18
franken,18
levels,18
revealed,18
youtuber,18
hop,18
filled,18
cancellation,18
gonzalez,18
edge,18
intended,18
mug,18
gigi,18
dont,18
sisters,18
wiener,18
clan,18
written,18
dreams,18
realizing,18
8c,18
uk,18
actresses,18
loves,18
suit,18
luis,18
crocs,18
yandel,18
tools,18
statement,18
hidden,18
misses,18
premiere,18
hoopskirts,18
means,18
sharon,18
toast,18
miz,18
bryant,18
push,18
husband,18
stewart,18
singles,18
middleton,18
teyana,18
childhood,18
oldest,18
babe,18
richie,18
metoo,18
foods,18
takeout,18
cosmopolitan,18
bearded,18
teammates,18
skipper,18
looking,18
combine,18
professional,18
toronto,18
iseult,18
forgot,18
thru,18
saga,18
resolutions,18
liquid,18
expect,18
arie,18
michigan,18
honne,18
tyrant,18
lift,18
ari,18
dashboard,18
puck,18
raven,18
showdown,18
mickey,18
roller,18
capital,18
matcha,18
74,18
releasing,18
aid,18
fonsi,18
walt,18
sleepy,18
benches,18
location,18
celebrations,18
mamrie,18
shinoda,18
bandit,18
rate,18
resigns,18
jeffree,18
hip,18
method,18
normani,18
wrestlemania,18
confessional,18
care,18
durability,18
shower,18
monitor,18
blonde,18
civilizations,18
farms,18
superstars,18
skip,18
cage,18
engaged,18
platform,18
third,18
fable,18
activated,18
shibutani,18
mma,18
chimp,18
kept,18
aaron,18
pineapple,18
midnight,18
mgmt,18
stunning,18
army,18
testifies,18
iman,18
purpose,18
shouldn,18
solves,18
missing,18
investigation,18
decorates,18
thanks,18
boeing,18
eddie,17
balloons,17
culpa,17
soldier,17
watermelon,17
anime,17
boss,17
dancer,17
cheeseburger,17
carrying,17
implosion,17
hillary,17
letters,17
simmons,17
jingle,17
empire,17
zuckerberg,17
lonely,17
tyson,17
schwarzenegger,17
study,17
andrew,17
conversation,17
carpenter,17
surrogate,17
split,17
engineering,17
marble,17
burgers,17
roasted,17
corinne,17
strange,17
adult,17
matheson,17
yorkers,17
monkeys,17
republicans,17
captures,17
auto,17
boom,17
spinning,17
extensions,17
desk,17
dome,17
alison,17
low,17
cities,17
festive,17
nice,17
unsuspecting,17
bottle,17
claps,17
siblings,17
keaton,17
crushed,17
mumbai,17
olympian,17
puberty,17
tan,17
38,17
75,17
interrogating,17
facial,17
flood,17
ew,17
winfrey,17
iris,17
feed,17
crab,17
curly,17
ziegler,17
density,17
concrete,17
butterflies,17
velshi,17
ruhle,17
jong,17
starz,17
many,17
quarter,17
strings,17
matty,17
alton,17
rigorously,17
allison,17
arnold,17
188,17
woody,17
sits,17
strength,17
kayleymelissa,17
dunn,17
weight,17
jesse,17
families,17
lit,17
senator,17
gorilla,17
reston,17
jared,17
symbolism,17
thousands,17
partner,17
feels,17
linus,17
dorktown,17
copying,17
passing,17
case,17
fcc,17
legacy,17
fools,17
vincent,17
zelda,17
carrots,17
showtime,17
goff,17
weekly,17
catie,17
washing,17
fill,17
lantern,17
exciting,17
luxurious,17
burned,17
happier,17
amber,17
goulding,17
toni,17
photography,17
deadly,17
42,17
mulan,17
mchale,17
holyfield,17
phones,17
stray,17
farewell,17
evander,17
named,17
order,17
emirates,17
celebrities,17
maria,17
cowell,16
nursery,16
backstage,16
legion,16
scratch,16
sox,16
booker,16
mcgriddle,16
drawing,16
hanna,16
gianni,16
product,16
tulipmania,16
printer,16
breath,16
parkland,16
cruz,16
fires,16
sort,16
makeovers,16
byte,16
korg,16
mila,16
weezer,16
chipotle,16
lapse,16
rae,16
lauer,16
waterproof,16
lili,16
thrifting,16
briefing,16
cubes,16
born,16
taraji,16
might,16
sketch,16
squid,16
fonda,16
monday,16
predicts,16
whitewater,16
gopros,16
appearance,16
ask,16
melanin,16
flash,16
grylls,16
sophie,16
mother,16
newtonian,16
hub,16
crimes,16
students,16
anxiety,16
grades,16
andrea,16
rhett,16
tori,16
moir,16
kodish,16
kaycee,16
soccer,16
alexandria,16
philadelphia,16
rattlesnake,16
dunks,16
bedroom,16
nuclear,16
snacks,16
loses,16
comeback,16
item,16
72,16
ric,16
flair,16
mermaids,16
e1,16
assassination,16
oregon,16
seeing,16
roads,16
smashed,16
enchanted,16
lamb,16
whisper,16
mueller,16
wizards,16
tumor,16
durant,16
bengals,16
xan,16
leaks,16
watt,16
losing,16
woke,16
sample,16
gucci,16
reinhart,16
attacks,16
melissa,16
pile,16
friendly,16
pressing,16
fluid,16
dope,16
apology,16
cough,16
1989,16
mochi,16
nickelodeon,16
nov,16
blowing,16
toy,16
kunis,16
ranz,16
jasmine,16
saying,16
dip,16
chynoweth,16
kissing,16
uprising,16
somewhere,16
apps,16
cranberries,16
casino,16
paramore,16
aja,16
mase,16
phonebook,16
woods,16
breeder,16
garry,16
bicycle,16
niana,16
phil,16
loser,16
yankees,16
lew,16
evacuations,16
78,16
levine,16
victory,16
grilled,16
christian,16
texas,16
vance,16
lightning,16
swim,16
annual,16
badgal,16
toaster,16
insult,16
wire,16
astronauts,16
haim,16
children,16
tristan,16
loss,16
dwayne,16
31,16
preakness,16
simultaneously,16
hangin,16
fisher,16
minecraft,16
philly,16
resort,15
belly,15
learning,15
dying,15
shenzhen,15
freezing,15
samples,15
divide,15
pig,15
embiid,15
con,15
disick,15
indians,15
110,15
fixes,15
lobster,15
braun,15
ortega,15
pebbles,15
misconceptions,15
tofu,15
oogi,15
eevee,15
nikolas,15
prettymuch,15
queendom,15
woodley,15
06,15
spice,15
skateboarding,15
lashes,15
goblin,15
nostalgia,15
barack,15
picking,15
lakers,15
bus,15
soil,15
construction,15
mechanical,15
laurdiy,15
strowman,15
globe,15
vermilion,15
teacher,15
reads,15
anillo,15
matched,15
exchange,15
em,15
36,15
joseph,15
cyber,15
originals,15
lasagna,15
grilling,15
flows,15
faster,15
dung,15
yule,15
raquel,15
throne,15
nacho,15
artemis,15
confusing,15
elias,15
chance,15
longoria,15
nuttin,15
stereotypes,15
snack,15
wows,15
hadid,15
jollibee,15
brady,15
suv,15
overboard,15
campaign,15
desserts,15
meter,15
grade,15
chitty,15
finesse,15
shoes,15
cyclone,15
charging,15
lunch,15
podcast,15
retro,15
introverts,15
photobombs,15
authorities,15
reader,15
200m,15
vision,15
puerto,15
rebs,15
onerepublic,15
cardboard,15
send,15
jj,15
dylan,15
reel,15
ts,15
encore,15
alarm,15
accident,15
kindergarten,15
divine,15
heughan,15
whispers,15
culture,15
saquon,15
universal,15
ensemble,15
jazz,15
ordering,15
extroverts,15
warn,15
level,15
westbrook,15
mcconaughey,15
evolution,15
kygo,15
parish,15
aurora,15
shailene,15
levitt,15
ranking,15
deli,15
hawaiian,15
plaza,15
parties,15
miserably,15
progress,15
costell,15
streets,15
pushing,15
rico,15
roger,15
mraz,15
doug,15
adviser,15
flavored,15
starman,15
kylo,15
ren,15
exotic,15
refuses,15
relift,15
bush,15
fbe,15
artists,15
johnny,15
closet,15
swoozie,15
developer,15
las,15
vegas,15
hanson,15
federer,15
representation,15
onboard,15
223,15
wildest,15
aubrey,15
walks,15
zlatan,15
injuries,15
medicine,15
decorating,15
hexagon,15
opera,15
incredible,15
hog,15
mowgli,15
drill,15
700,15
calling,15
prediction,15
temple,15
guinness,15
ancient,15
acacia,15
ticks,15
wang,15
omaze,15
parts,15
blessed,15
delta,15
subscribed,15
pyeongchang,15
paddington,15
thompson,15
hooks,15
acne,15
dig,15
honors,15
diamond,15
neighborhood,15
bridges,15
kersey,15
members,15
padma,15
traps,15
debuts,15
lakshmi,15
pen,15
wanna,14
250,14
peg,14
elderly,14
nintendoe,14
rubber,14
donkey,14
draft,14
sicario,14
goldblum,14
decor,14
overjoyed,14
blades,14
trek,14
drinking,14
drops,14
inc,14
kielbasa,14
diaries,14
arthur,14
potential,14
actor,14
toothbrush,14
mcdormand,14
bellatrix,14
string,14
potatoes,14
wrecking,14
ix,14
halo,14
224,14
route,14
harrison,14
staff,14
memorable,14
soul,14
receiving,14
pair,14
taken,14
pardee,14
dolores,14
lo,14
important,14
sir,14
og,14
crossbow,14
zoe,14
macarons,14
spike,14
gorillaz,14
smack,14
joanna,14
kidneys,14
senses,14
market,14
disaster,14
exit,14
contouring,14
glover,14
26ft,14
bartier,14
berninger,14
cheesesteak,14
satellite,14
soldado,14
grown,14
melting,14
worry,14
topi,14
imminent,14
cutting,14
cherry,14
bollywood,14
tanya,14
macaroni,14
submission,14
lattimore,14
mania,14
soft,14
kits,14
drinks,14
racing,14
manila,14
tiebreaker,14
46,14
brother,14
94,14
iraq,14
cowboys,14
pack,14
michelin,14
oaxaca,14
throw,14
harden,14
syndicated,14
silicon,14
bud,14
frances,14
mistakes,14
patience,14
victims,14
1899,14
1902,14
flag,14
spoiled,14
dummies,14
pennington,14
beme,14
2014,14
lindemann,14
ankle,14
illusion,14
quentin,14
higher,14
tove,14
wagyu,14
coke,14
dispels,14
cuptm,14
iggy,14
diggs,14
pun,14
toss,14
magnitude,14
jonze,14
damascus,14
drug,14
possible,14
dutchess,14
eyeballs,14
sonic,14
field,14
enemy,14
jefferies,14
spinners,14
bodypaint,14
pete,14
sculpture,14
azalea,14
hilary,14
session,14
sausage,14
lesbian,14
braided,14
lizard,14
reach,14
1784,14
superfly,14
7c,14
darts,14
keery,14
month,14
disability,14
concealer,14
flex,14
mls,14
filtered,14
across,14
connolly,14
excuse,14
teaching,14
bank,14
geometric,14
dem,14
survivors,14
divorce,14
angela,14
davidson,14
fruity,14
misconception,14
heinous,14
boyega,14
romney,14
rolled,14
wow,14
hearing,14
credence,14
sale,14
crisps,14
citizen,14
couples,14
alissa,14
bullying,14
cloned,14
gerard,14
digital,14
project,14
weatherman,14
kristin,14
ufo,14
rope,14
riordan,14
lokokitchen,14
mountain,14
pauly,14
nickelback,14
burr,14
duet,14
starred,14
keke,14
humility,14
related,14
namajunas,14
rns,14
beychella,14
brittany,14
donuts,14
followers,14
warrior,14
f1,14
saves,14
skydio,14
axel,14
baseball,14
kind,14
protein,14
dumb,14
immune,14
flee,14
whipped,14
mumble,14
maserati,14
henry,14
disabilities,14
birdman,14
r1,14
karl,14
alert,14
26,14
obama,14
stalks,14
rudd,14
ness,14
fab,14
launching,14
splitting,14
patrol,14
kbs,14
411,13
ap,13
cent,13
juventus,13
tyra,13
luyendyk,13
groom,13
anniversary,13
2016,13
beckham,13
083,13
papers,13
section,13
mate,13
zebra,13
neymar,13
handle,13
irelia,13
legends,13
trucks,13
pirate,13
thrift,13
del,13
samberg,13
standards,13
shaquille,13
probably,13
carriage,13
lime,13
closed,13
eruptions,13
mkbhd,13
cockatiel,13
caissie,13
125,13
negg,13
inspiration,13
flies,13
wankel,13
gunhild,13
hardy,13
anglerfish,13
brits,13
walls,13
ryland,13
slightly,13
pong,13
kimchi,13
pov,13
tickling,13
nabors,13
pregame,13
verse,13
apprentice,13
uncle,13
freeze,13
hospital,13
chaos,13
turkish,13
cane,13
stradivarius,13
german,13
lighter,13
raindrop,13
nah,13
compatibility,13
cabaret,13
carling,13
whispered,13
assortment,13
ep126,13
fa,13
hale,13
highlight,13
diddy,13
competition,13
mixtape,13
explorers,13
hustled,13
mysterious,13
jerusalem,13
bel,13
grail,13
wildfires,13
parkour,13
claflin,13
cupid,13
physicians,13
indonesia,13
pranked,13
captioned,13
apart,13
uber,13
gardening,13
paralyzed,13
denies,13
ibrahimovic,13
scatterbrained,13
peeler,13
boseman,13
fey,13
springs,13
europe,13
locklear,13
cathy,13
ingenious,13
gang,13
flowers,13
singh,13
80s,13
lifetime,13
greatliza,13
kentucky,13
youngblood,13
iii,13
hoarding,13
intelligence,13
tim,13
grab,13
rocky,13
chain,13
cops,13
sara,13
agents,13
rotary,13
tsunami,13
zen,13
tapping,13
victor,13
russo,13
hawkeye,13
edgeland,13
domics,13
replay,13
supermarket,13
reviewing,13
exaggerated,13
titanic,13
university,13
nevada,13
verified,13
got7,13
greets,13
given,13
derby,13
dedivanovic,13
debates,13
paige,13
sharp,13
gene,13
solution,13
throwing,13
irish,13
stick,13
herself,13
levy,13
graphic,13
threadbanger,13
bars,13
rag,13
interesting,13
momsplaining,13
hymn,13
cruise,13
panel,13
reynolds,13
channels,13
layer,13
prize,13
gushers,13
iridium,13
rome,13
fired,13
pan,13
dethrone,13
adrift,13
formula,13
rather,13
angry,13
plants,13
burnham,13
broccoli,13
miraculously,13
violins,13
goth,13
united,13
hustle,13
razer,13
fleetwood,13
chadwick,13
marry,13
heather,13
trophy,13
point,13
producers,13
fears,13
maker,13
alhambra,13
donor,13
rescued,13
garner,13
called,13
wipeout,13
current,13
cannon,13
neal,13
scotty,13
identified,13
hats,13
parable,13
nutella,13
millions,13
theater,13
criminal,13
darkest,13
trigger,13
absence,13
bully,13
joke,13
flip,13
awksome,13
ping,13
katelyn,13
lilly,13
2x2x2,13
daniel,13
maybe,13
dlc,13
chapman,13
edgy,13
warehouses,13
struggling,13
upon,13
added,13
batali,13
988585,13
corner,13
burden,13
bison,13
indian,13
text,13
receives,13
mercy,13
typical,13
aluminum,13
phasma,13
shocking,13
masterchef,13
harmon,13
injury,13
virginia,13
chevrolet,13
cure,13
european,13
purple,13
gown,13
bachelorette,13
weighs,13
lecrae,13
asked,13
shirt,13
roundhouse,13
pleaser,13
buddy,13
wildfire,13
rabbit,13
bigbang,13
eng,13
hopscotch,13
buried,13
hallmark,13
onto,13
80,13
experts,13
feelings,13
carolina,13
nikita,13
everman,13
dragun,13
ski,13
leak,12
flooding,12
saviour,12
sobering,12
shutdown,12
reliable,12
explode,12
manny,12
pho,12
reporter,12
francia,12
kidney,12
steph,12
leona,12
letter,12
arisa,12
changed,12
trilha,12
existed,12
drzejczyk,12
raisman,12
lying,12
poo,12
ran,12
stark,12
wheels,12
jaylen,12
reputation,12
stay,12
formation,12
shaker,12
auditioned,12
modern,12
cora,12
1975,12
pope,12
iowa,12
dyson,12
taiwan,12
delay,12
landslides,12
obsession,12
seventeen,12
crossing,12
goalie,12
courtroom,12
powders,12
massage,12
swap,12
tropical,12
altruism,12
mycalvins,12
donnell,12
potter,12
riddle,12
parent,12
selling,12
terrified,12
picasso,12
bite,12
hijack,12
skating,12
koalas,12
degrasse,12
blooper,12
begins,12
egoistic,12
explosion,12
gendler,12
electronica,12
psg,12
katana,12
alicia,12
menu,12
naija,12
deck,12
sting,12
shaggy,12
reyez,12
obamacare,12
cabin,12
roxette,12
charlotte,12
skater,12
stunt,12
27th,12
sade,12
logistics,12
maryse,12
selfish,12
argument,12
freestyle,12
ricky,12
dressing,12
memorial,12
gay,12
sprint,12
migrant,12
bridesmaid,12
medal,12
stalked,12
thirty,12
damon,12
corned,12
banderas,12
praise,12
cincinnati,12
flirted,12
recanto,12
gico,12
rv,12
tortoise,12
386,12
hasn,12
condition,12
bother,12
bangabandhu,12
male,12
doodle,12
td,12
newman,12
clarabelle,12
submersa,12
sesame,12
heyclaire,12
2d,12
voiceover,12
believing,12
ship,12
detected,12
aly,12
remarks,12
existential,12
script,12
giants,12
dessert,12
khlo,12
earnshaw,12
raisa,12
exact,12
peach,12
satellites,12
ecol,12
rio,12
prata,12
donut,12
isolation,12
slicing,12
olsen,12
trip,12
finding,12
tikes,12
exo,12
trouble,12
deputy,12
creating,12
ships,12
above,12
creators,12
pepper,12
bid,12
elephant,12
ties,12
mills,12
sickick,12
beck,12
furby,12
ned,12
coaster,12
penalty,12
debut,12
peopletv,12
offset,12
electronics,12
repealed,12
designs,12
edwards,12
minnie,12
leanne,12
weigh,12
canceled,12
jordyn,12
trends,12
palmer,12
edward,12
cried,12
monsta,12
wtf,12
hosts,12
joga,12
mod,12
sally,12
rearview,12
126p,12
bringing,12
affects,12
entertainment,12
dixon,12
theatre,12
searchlight,12
crowded,12
languages,12
52,12
fleur,12
rogers,12
smokey,12
lexus,12
adulthood,12
rikimaru,12
planes,12
induction,12
plead,12
marcin,12
boyz,12
founder,12
interstellar,12
darvit,12
walimska,12
taxi,12
allstars,12
mc,12
cavs,12
wildlife,12
fiat,12
wiosna,12
cattrall,12
pound,12
elton,12
brandon,12
sexy,12
iheartradio,12
base,12
itself,12
colonoscopy,12
couric,12
grb,12
monkey,12
ost,12
jun,12
leslie,12
differently,12
lovey,12
fioti,12
griffin,12
shack,12
fallingwater,12
jauregui,12
skinned,12
wind,12
liberation,12
talked,12
messing,12
szatanik,12
batard,12
forging,12
2008,12
forced,12
hogan,12
awakens,12
revere,11
crs,11
floating,11
ncaa,11
penguin,11
marston,11
loving,11
restoration,11
sugarcane,11
canes,11
dot,11
panettone,11
edgerton,11
inherit,11
wheezywaiter,11
fusion,11
pocket,11
relationships,11
crowd,11
runner,11
jacob,11
voices,11
cutout,11
rbg,11
spotted,11
recognize,11
nas,11
older,11
television,11
utility,11
handler,11
completely,11
breakout,11
destiny,11
terror,11
kyoto,11
turbotax,11
firsts,11
shepard,11
headlines,11
success,11
olaf,11
beard,11
stupid,11
zane,11
kiwi,11
euphoria,11
ferdinand,11
raiders,11
auction,11
ruin,11
eclipse,11
hilton,11
baker,11
plant,11
tub,11
physicist,11
printing,11
theft,11
tournament,11
chica,11
lindsay,11
mashup,11
niecy,11
thwarted,11
toned,11
dining,11
directors,11
paz,11
fend,11
68,11
styling,11
murphy,11
barrett,11
aircraft,11
midas,11
muscle,11
else,11
boyinaband,11
choose,11
capella,11
annie,11
latest,11
vinta,11
biden,11
hargrave,11
yes,11
escapes,11
francisco,11
russian,11
stamo,11
purrthday,11
manning,11
natalya,11
pepin,11
trippin,11
partnership,11
brutalfoods,11
past,11
deconstructed,11
hangry,11
hottest,11
jon,11
zimbabwe,11
51,11
tip,11
sends,11
clarke,11
devito,11
age,11
cagayan,11
timelapse,11
compilation,11
deyshia,11
pi,11
2k,11
memory,11
ferrari,11
barely,11
htme,11
slade,11
mold,11
roulette,11
hancher,11
hearty,11
stranded,11
60fps,11
nyny,11
reindeer,11
aquilina,11
schumer,11
dunk,11
sunday,11
lightsabers,11
booty,11
jerry,11
astronaut,11
lunar,11
mayfield,11
enter,11
segregation,11
daniels,11
oro,11
aerial,11
ted,11
degree,11
wb,11
post,11
nash,11
monologue,11
homes,11
pacers,11
sofia,11
tied,11
arcade,11
stunts,11
9c,11
continuing,11
evacuating,11
elcl,11
accidentally,11
psychic,11
blew,11
reboot,11
kitcho,11
underrated,11
kong,11
eleanor,11
sorority,11
interest,11
magnus,11
icy,11
swing,11
fitness,11
sailor,11
tokyo,11
hates,11
proof,11
kawhi,11
frisbee,11
hawking,11
carrey,11
hurtbae,11
pieces,11
cozy,11
biking,11
rewatches,11
spare,11
absolution,11
von,11
jacques,11
tatum,11
border,11
ashanti,11
layers,11
mode,11
hyundai,11
yo,11
lowe,11
xfl,11
collier,11
1982,11
jaden,11
doughnuts,11
nerds,11
hearts,11
sao,11
ahead,11
josie,11
mirai,11
44,11
illness,11
climate,11
erupting,11
saturday,11
spent,11
30s,11
nutcracker,11
afc,11
bosworth,11
silence,11
teslonda,11
cupcakes,11
hairless,11
training,11
antics,11
redmayne,11
nagasu,11
district,11
anatomy,11
rivera,11
hollywoodlife,11
decorations,11
accord,11
pants,11
packages,11
roma,11
carl,11
asteroid,11
carrier,11
ritter,11
realms,11
rgb,11
waffles,11
chasing,11
sufjan,11
terminal,11
situation,11
lance,11
shining,11
crown,11
september,11
reggie,11
downtown,11
horrible,11
oklahoma,11
retirement,11
golf,11
02,11
krysten,11
nomad,11
cody,11
champagne,11
decks,11
400,11
controlling,11
console,11
garage,11
stack,11
sign,11
hanagami,11
sessions,11
patagonia,11
ejected,11
twenty,11
sang,11
lollipop,11
crispy,11
trapped,10
feature,10
facing,10
hamiltones,10
fully,10
benjamin,10
multiple,10
burrito,10
rogue,10
yard,10
local,10
atlantic,10
answered,10
organ,10
luther,10
wocket,10
forest,10
draymond,10
ended,10
01,10
neeson,10
dennis,10
vortex,10
indiana,10
connects,10
gorgeous,10
ps4,10
carnivorous,10
babies,10
mums,10
drum,10
waymo,10
critic,10
often,10
mock,10
tessa,10
recorded,10
checks,10
bet,10
revisited,10
flow,10
uncontrollably,10
222,10
octagon,10
letting,10
reverse,10
judiciary,10
frosting,10
ssd,10
hoda,10
gays,10
dust,10
apologies,10
starving,10
sweden,10
sneakerheads,10
focus,10
hmmm,10
link,10
worthy,10
public,10
plastic,10
canadian,10
chameleon,10
charts,10
ama,10
cousins,10
incubus,10
invading,10
kill,10
dundee,10
cia,10
vi,10
manger,10
disastrous,10
glory,10
itv,10
tsa,10
suspiria,10
claire,10
heroes,10
kickflipping,10
kwartler,10
meek,10
cable,10
boldlikekawhi,10
debunks,10
steps,10
350,10
bali,10
150k,10
shaun,10
shaven,10
patty,10
vikander,10
funniest,10
mesmerizing,10
furbies,10
rebel,10
1977,10
sidewalk,10
delaware,10
nativity,10
freed,10
heartwarming,10
paulson,10
noon,10
gringo,10
exposing,10
marder,10
reflection,10
question,10
jordans,10
chame,10
ash,10
jalen,10
solar,10
ana,10
mall,10
bond,10
ing,10
dash,10
blocks,10
paege,10
waterfall,10
descendants,10
thirsty,10
mountains,10
michelob,10
investigating,10
moshi,10
tveit,10
dewalt,10
shit,10
weak,10
unsolved,10
lisa,10
solos,10
shaw,10
govan,10
hate,10
chromosome,10
main,10
savagely,10
mozzarella,10
sticks,10
footlong,10
spaghetti,10
blowout,10
rivers,10
suess,10
bleach,10
00,10
committee,10
install,10
colbert,10
rapist,10
londoner,10
lullaby,10
headaches,10
previa,10
peeing,10
mixing,10
lorraine,10
doctors,10
ranks,10
trebuchet,10
elm,10
casualties,10
gotham,10
livestream,10
dozens,10
jungle,10
decided,10
hacking,10
imperial,10
diane,10
speed,10
subtitles,10
gina,10
slam,10
optical,10
momoa,10
nitrogen,10
mst3k,10
mellor,10
underwear,10
sexually,10
1992,10
instrument,10
accepted,10
volume,10
linemen,10
loyola,10
tobymac,10
ideal,10
redband,10
hostiles,10
lamp,10
icelandic,10
ryobi,10
nose,10
clips,10
attempting,10
hadfield,10
adoption,10
automatic,10
brien,10
greta,10
animoji,10
contains,10
substituted,10
cooker,10
physical,10
bursts,10
rehearsal,10
sayings,10
chases,10
fastball,10
kats,10
halt,10
astori,10
andr,10
iniesta,10
icecream,10
mastered,10
dirt,10
detective,10
fighting,10
buildings,10
miller,10
salah,10
13th,10
shield,10
joanne,10
maru,10
nuts,10
shiny,10
metro,10
kop,10
gal,10
frankie,10
congeniality,10
partynextdoor,10
nina,10
ee,10
trees,10
leaf,10
fiorentina,10
ny,10
artem,10
gerwig,10
saber,10
arizona,10
loaded,10
fart,10
terry,10
humanity,10
davide,10
carbon,10
pd,10
trolling,10
mph,10
tower,10
wishful,10
feeling,10
76ers,10
patterns,10
seahawks,10
xmas,10
lemon,10
shipping,10
azerbaijan,9
whip,9
waitress,9
idris,9
kathy,9
brazil,9
hawke,9
toys,9
debunked,9
jobs,9
mccord,9
chess,9
kaluuya,9
missouri,9
ernie,9
corolla,9
francis,9
sukiyaki,9
sphere,9
asteroids,9
swiss,9
littleones,9
idgaf,9
bike,9
brunch,9
cuddle,9
squad,9
grounds,9
roses,9
maryland,9
disneycember,9
appear,9
accessories,9
caramel,9
boogiedown,9
habit,9
seems,9
totoro,9
nazi,9
rhoa,9
grinder,9
intimidating,9
hevesh5,9
nathan,9
destroying,9
noggin,9
devoe,9
loose,9
26th,9
freshman,9
scream,9
evanescence,9
singularity,9
racial,9
muse,9
contagion,9
ricciardo,9
fi,9
watson,9
prepare,9
feet,9
fletcher,9
wong,9
dances,9
map,9
slides,9
murder,9
hong,9
ambitious,9
nou,9
snowboard,9
celebrating,9
behave,9
paloma,9
meme,9
beefs,9
motorizing,9
artistry,9
bankruptcy,9
abbey,9
potpie,9
recording,9
remastered,9
arrival,9
tear,9
personal,9
waverly,9
supercar,9
en,9
friendzone,9
responds,9
discussing,9
seek,9
katch,9
rochdale,9
macaron,9
punching,9
advance,9
nancy,9
wrapping,9
tragic,9
hairstyles,9
tess,9
thailand,9
ncix,9
maymo,9
empathy,9
vows,9
whistleblower,9
scout,9
mullen,9
portland,9
angles,9
phineas,9
relationship,9
sci,9
creepy,9
cox,9
beak,9
elba,9
arrives,9
guardians,9
yale,9
organize,9
immigrants,9
owe,9
coco,9
gabby,9
devastating,9
savannah,9
brunettes,9
learns,9
reverend,9
jovi,9
rising,9
mugabe,9
lincoln,9
shumpert,9
sheriff,9
syria,9
verstappen,9
finish,9
98,9
foul,9
failing,9
wayne,9
wahlberg,9
hotdogs,9
miles,9
pull,9
entirely,9
horton,9
assault,9
miley,9
bates,9
emotions,9
flossing,9
ethan,9
reinvent,9
dribbled,9
protect,9
elimination,9
tourism,9
eyeshadow,9
abuse,9
375,9
olympians,9
sweater,9
pelosi,9
cranked,9
staples,9
headquarters,9
mtb,9
r3hab,9
hides,9
recognized,9
powers,9
clumsy,9
lettuce,9
captainsparklez,9
xxl,9
bound,9
claudio,9
ax,9
hears,9
mua,9
audifootball,9
smoke,9
chances,9
faking,9
repairs,9
ram,9
business,9
inch,9
ciara,9
keegan,9
quilt,9
smartest,9
eight,9
chen,9
biv,9
handheld,9
arm,9
mustang,9
passenger,9
worlds,9
belt,9
gymnast,9
ferb,9
cameron,9
ourblueplanet,9
bento,9
rent,9
operator,9
dedication,9
hairy,9
shanghai,9
gameday,9
merch,9
giveaway,9
taught,9
kirk,9
stadium,9
steven,9
hotspur,9
wakanda,9
karma,9
backpack,9
mcbride,9
canon,9
annalynne,9
tricked,9
barry,9
rule,9
mortgage,9
gotti,9
brock,9
lesnar,9
bath,9
neverland,9
athleticism,9
hated,9
giraffe,9
nf,9
googled,9
coffin,9
distancing,9
currents,9
churros,9
kennedy,9
hang,9
timberwolves,9
billions,9
tory,9
lanez,9
tyrese,9
crispiest,9
redemption,9
horseshoe,9
orleans,9
hysteria,9
imitate,9
diary,9
mnek,9
crews,9
happening,9
bumblebee,9
transformed,9
rape,9
law,9
troy,9
rebecca,9
shadow,9
cheerleader,9
guests,9
gymnastics,9
boosters,9
furious,9
periodic,9
carry,9
kingsley,9
lazer,9
86,9
confronting,9
trifle,9
sweetwater,9
75th,9
especially,9
milk1422,9
development,9
dingo,9
arrivals,9
books,9
tonya,9
heard,9
etc,9
fanciest,9
cashmere,9
laundry,9
neck,9
samantha,9
saffron,9
developing,9
gather,9
aka,9
afraid,9
healthy,9
intro,9
wray,9
acquires,9
explicit,9
southern,9
sheena,9
robustness,9
quality,9
hibernation,9
faherty,9
slammer,9
smackdown,9
bodyarmor,9
ribbon,9
oneplus,9
grow,9
orphaned,9
cancer,9
5t,9
perfume,9
alright,9
gaby,9
etrade,9
mail,9
overnight,9
port,9
six,9
lower,9
shaquem,9
trauma,9
slumbers,8
halfpipe,8
spying,8
swings,8
jibo,8
norah,8
respond,8
trixie,8
apollo,8
uzi,8
bites,8
litfam,8
chief,8
eighth,8
delivery,8
archives,8
chung,8
provide,8
batteries,8
emergence,8
workers,8
fails,8
bourbon,8
forza,8
reylo,8
highest,8
aghdam,8
poppins,8
bitten,8
gayle,8
liebherr,8
283185,8
spillproof,8
texts,8
brief,8
kramer,8
airplanes,8
morphe,8
felton,8
alita,8
malt,8
guild,8
julianna,8
interviewing,8
denton,8
denver,8
irwin,8
goats,8
till,8
oddly,8
calorie,8
ray,8
bf,8
colored,8
holding,8
tha,8
timpano,8
chainz,8
chiron,8
until,8
koreans,8
hamilton,8
pence,8
amendolare,8
munich,8
sugg,8
devours,8
creole,8
cctv,8
approves,8
improve,8
1220,8
folds,8
mardi,8
triangle,8
halls,8
officially,8
angel,8
eichner,8
s14,8
alma,8
writers,8
a10,8
shakeweight,8
quizzes,8
sons,8
handshake,8
bullock,8
embarrassed,8
compound,8
storytellers,8
common,8
behaviour,8
fia,8
macau,8
slippery,8
leeroy,8
savior,8
tedashii,8
nicholas,8
bayern,8
mccabe,8
bies,8
steele,8
desert,8
rude,8
abrams,8
lr,8
cbs,8
vert,8
slay,8
82,8
youtuberewind,8
belle,8
sociopath,8
struggle,8
leone,8
enters,8
pygmy,8
underdog,8
406,8
cuphead,8
sandra,8
budden,8
cigar,8
territorial,8
bugatti,8
barrymore,8
owned,8
backwards,8
wrote,8
foundry,8
harvey,8
gop,8
aging,8
nasim,8
wounding,8
group,8
cheaper,8
hurts,8
kyla,8
plummer,8
ramin,8
parmesan,8
moan,8
gras,8
poison,8
secretly,8
mk,8
macaulay,8
conspiracy,8
burst,8
fighters,8
everlong,8
baconator,8
sur,8
pleasure,8
collabmas,8
capsule,8
budweiser,8
channelate,8
cuba,8
masks,8
qualification,8
charades,8
redick,8
janney,8
tragedy,8
fluidized,8
graduation,8
beach,8
britney,8
000fps,8
184,8
dick,8
900,8
tattooed,8
11000,8
ferrell,8
puppets,8
ytn,8
rosenstein,8
ritzy,8
renew,8
fink,8
royals,8
remember,8
wiper,8
nova,8
jo,8
embarrassing,8
demand,8
seriously,8
explosm,8
thankful,8
vasilevskiy,8
gt,8
138,8
references,8
massacre,8
ears,8
foles,8
wolff,8
grandmother,8
spears,8
centipede,8
arya,8
spaceflight,8
claim,8
martina,8
shaped,8
djawadi,8
farrah,8
shirtwaist,8
pays,8
legally,8
midterms,8
culkin,8
foo,8
silicone,8
potting,8
westminster,8
bakersfield,8
kings,8
comics,8
superfruit,8
friendships,8
tomlin,8
technique,8
venus,8
commons,8
lab,8
39,8
tod,8
montage,8
gear,8
levitate,8
329,8
seasonal,8
arrows,8
satisfying,8
kat,8
barbara,8
dev,8
accelerate,8
provides,8
1100,8
wildn,8
messenger,8
gearbest,8
malfunction,8
mango,8
groove,8
pcb,8
koreas,8
battlefront,8
tours,8
showcase,8
sutherland,8
brenda,8
por,8
favs,8
owners,8
jb,8
breakers,8
packinski,8
delete,8
cardinal,8
parson,8
impressive,8
alexis,8
creatures,8
disneyparkslive,8
tunes,8
freckles,8
disappeared,8
archbishop,8
amityville,8
glaze,8
sold,8
amid,8
kookaburra,8
thrill,8
rob,8
rooms,8
cant,8
dishwasher,8
teapot,8
ses,8
trade,8
sharing,8
transforms,8
tickets,8
fingerprint,8
portlandia,8
insight,8
oaf,8
conversations,8
shinee,8
broom,8
ketterer,8
aptitude,8
vloggers,8
correct,8
clarice,8
pointless,8
touchdown,8
discovered,8
cracker,8
favor,8
palace,8
goin,8
smoove,8
haircut,8
summertime,8
twisted,8
supersoul,8
weir,8
harding,8
bernard,8
984342,8
argentine,8
submarine,8
sexiest,8
nindies,8
honor,8
pella,8
trace,8
unlocks,8
wiig,8
lines,8
armie,8
twc,8
dram,8
wardrobe,8
boomin,8
1979,8
quit,8
served,8
hips,8
ot,8
impersonation,8
timed,8
evangelist,8
npr,8
collision,8
lol,8
favies,8
pollution,8
quite,8
disgraced,8
ish,8
dice,8
avila,8
wes,8
7hechamp10ns,8
diagnosis,8
bloody,8
reeves,8
debunking,8
skiers,8
holdin,8
brit,8
pilkington,8
wiggle,8
unethical,8
applejack,8
brothers,8
untangle,8
molecular,8
races,8
shop,8
troopers,8
bagel,8
dobrik,8
tells,8
vaxxers,8
nominated,8
donchez,8
topchef,8
tryin,8
happiest,8
faceswapping,8
meow,8
aj,8
printable,8
ombr,8
virtuoso,8
selected,8
hints,8
bullets,8
putt,8
simpler,8
oracle,8
arrive,8
realistic,8
upload,8
reptiles,8
olympia,8
rugrats,8
20171229,8
roles,8
reptar,8
overthinking,8
hijacking,7
shootout,7
clark,7
manigault,7
encounters,7
horn,7
sized,7
phase,7
orphan,7
clearitos,7
repeat,7
battlegrounds,7
cryptocurrency,7
consider,7
bedtime,7
untouchable,7
cnco,7
adriana,7
sleepover,7
alyn,7
camara,7
prosieben,7
economic,7
vu,7
fury,7
pandemic,7
hiv,7
toto,7
doom,7
filter,7
unfortunate,7
grav3yardgirl,7
newlywed,7
nazis,7
pantry,7
effectively,7
alt,7
87,7
rep,7
ro,7
yardie,7
interested,7
gators,7
shapes,7
occurs,7
guillermo,7
howl,7
aloe,7
checkout,7
bmw,7
ubi,7
barstool,7
adriene,7
nutshell,7
illusions,7
disorder,7
aquaman,7
nique,7
complicated,7
perks,7
rockin,7
advert,7
c8,7
graffiti,7
carve,7
fiction,7
indictment,7
productreviews,7
92,7
bret,7
sober,7
symphony,7
gewinner,7
broward,7
floppotron,7
lesson,7
809,7
nashville,7
chuck,7
valland,7
atrocities,7
pleader,7
persil,7
continuous,7
travelaine,7
beer,7
nsa,7
northwestern,7
democratic,7
pony,7
milan,7
crease,7
oakley,7
basic,7
awful,7
kelleher,7
demonstrates,7
rollerlash,7
told,7
spa,7
protocol,7
arisen,7
heated,7
oz,7
vegetables,7
gente,7
keeps,7
upper,7
sampaio,7
hereditary,7
playerunknown,7
buynothing,7
virtue,7
coolest,7
juju,7
hooked,7
reaches,7
bocelli,7
rex,7
beginner,7
rwby,7
kazumasa,7
worker,7
lonzo,7
kilgore,7
serenity,7
stain,7
duff,7
painting,7
seafood,7
techcrunch,7
earthquakes,7
chronicles,7
soggy,7
snickers,7
marc,7
irresponsible,7
thermal,7
scan,7
icon,7
kotb,7
bashes,7
wizard,7
blige,7
390,7
ling,7
definitely,7
kurzgesagt,7
mccreery,7
motive,7
redbulls,7
setting,7
quindent,7
pandora,7
disobedience,7
splatoon,7
campbell,7
austin,7
jumpstart,7
h3h3,7
charmed,7
freedom,7
bombshell,7
chapstick,7
cafe,7
bra,7
minds,7
lala,7
boulevard,7
reed,7
shakira,7
gegen,7
parks,7
smoky,7
monuments,7
flights,7
cmt,7
via,7
genisa,7
showers,7
manage,7
moretz,7
proclean,7
spoon,7
handcrafted,7
touching,7
page,7
heat,7
difficulty,7
toothpaste,7
er,7
webcast,7
builds,7
stumped,7
singapore,7
bonding,7
sets,7
bathe,7
luna,7
roundtable,7
bradley,7
lte,7
announcing,7
kittens,7
receive,7
flor,7
conservation,7
aquariums,7
sim,7
tomato,7
slingshot,7
fruits,7
horibal,7
crawling,7
mattemoiselle,7
emo,7
inception,7
coughing,7
beanie,7
earworm,7
cups,7
voters,7
kway,7
scuffle,7
amsterdam,7
battery,7
datally,7
teil,7
tonk,7
episodes,7
events,7
dancers,7
aladdin,7
alessandra,7
ambrosio,7
glassskin,7
gruffydd,7
vocals,7
inappropriate,7
imaging,7
regrets,7
nurse,7
commuting,7
knight,7
guthrie,7
cheeto,7
24th,7
prove,7
putty,7
mara,7
dodges,7
traffic,7
briton,7
reckless,7
physically,7
gov,7
parm,7
tearfully,7
accepts,7
initiative,7
exploding,7
ton,7
spyker,7
avoid,7
nipple,7
fixer,7
hammering,7
silencer,7
talkin,7
derailment,7
saw,7
note,7
523,7
lima,7
kia,7
weitsprung,7
motor,7
bitch,7
erupts,7
bassett,7
kfc,7
honky,7
roommates,7
murda,7
watched,7
wax,7
charm,7
ross,7
rattlin,7
1000000,7
cyn,7
hosted,7
joins,7
220,7
runaway,7
bride,7
joint,7
listicles,7
blacc,7
patent,7
entered,7
justine,7
waffle,7
wrenching,7
globetrotter,7
cory,7
distraught,7
blackout,7
idea,7
quirkiest,7
surpass,7
speling,7
impatient,7
honks,7
snail,7
logo,7
snapchats,7
parris,7
yards,7
invention,7
millennial,7
velar,7
reflexes,7
sugarfina,7
straight,7
disappearance,7
clause,7
survivor,7
fate,7
iwao,7
1963,7
groff,7
freddie,7
bog,7
handmade,7
spelmann,7
infrared,7
trombone,7
mints,7
blockchain,7
deliver,7
mannequin,7
items,7
vehicle,7
dinklage,7
millennium,7
dropped,7
uncomfortable,7
spielberg,7
100k,7
jenga,7
mum,7
tnt,7
rundown,7
volkswagen,7
debt,7
asbury,7
lushful,7
supplies,7
donatella,7
nighttime,7
tacos,7
incredibly,7
melix,7
guinea,7
untucked,7
willie,7
schuster,7
flipping,7
stinger,7
kost,7
heels,7
morenstein,7
galentine,7
swipe,7
janet,7
sbirs,7
riff,7
koma,7
threatens,7
daveed,7
bravo,7
directed,7
pictionary,7
accuses,7
pocahontas,7
sc,7
alphabet,7
hayden,7
grandma,7
980027,7
income,7
investigate,7
ingram,7
gassed,7
diesels,7
venting,7
iceless,7
gigabit,7
onstage,7
multi,7
helium,7
pulfrich,7
dates,7
prosthetics,7
romy,7
dya,7
norwegian,7
presidency,7
emilia,7
issued,7
catt,7
secretive,7
detroit,7
confronts,7
tillis,7
fret,7
shimmer,7
roaring,7
legere,7
abc7,7
goodness,7
supposed,7
residents,7
cranston,7
sunmi,7
2019,7
longyearbyen,7
parallel,7
oceans,7
alaska,7
odds,7
felt,7
wealth,7
peephole,7
brfxxccxxmnpcccclllmmnprxvclmnckssqlbb11116,7
maisie,7
plans,7
burts,7
scissor,7
yifei,7
thoroughbreds,7
miscarriages,7
wavy,7
c37,7
sauber,7
blks,7
romwe,7
norway,7
ducks,7
brickwork,7
sadler,7
ak,7
davos,7
gathering,7
beyond,7
horrors,7
reverser,7
introductions,7
commander,7
tight,7
socal,7
proves,7
ls,7
sway,7
janitor,7
moy,7
jar,7
charity,7
latoya,7
mayor,7
pistons,7
jugs,7
bobsledder,7
mel,7
proudtocreate,7
brains,7
erivo,7
glows,7
agnez,7
newborn,7
pitched,7
changes,7
having,7
palladium,7
romeo,7
centre,7
cnn,7
blank,7
canvas,7
lord,7
celibate,7
opinion,7
letterman,7
unemployed,7
mocha,7
instagrams,7
cantrell,7
elected,7
clones,7
insecure,7
famer,7
unbreakable,7
schmidt,7
puts,7
pouch,7
tikka,7
lifford,7
risks,7
demands,7
clinch,7
jacket,7
achievement,7
warner,7
159,7
alfa,7
predator,7
betrayal,7
tamika,7
dated,7
covenant,7
lana,7
plain,7
kodiak,7
malone,7
madeline,7
cynthia,7
knives,7
carmax,7
dickens,7
unique,7
slicer,7
reign,7
absolute,7
martha,7
terrifying,7
manson,7
length,7
xscape,7
briefly,7
claudia,7
versatile,7
leyden,7
jayne,7
protests,7
kimmy,7
pride,7
bluetooth,7
lambo,7
offered,7
69,7
killmonger,7
stocks,7
dashcam,7
150,7
nfc,7
stands,7
confetti,7
dynamic,7
doherty,7
rye,7
henson,7
lancaster,7
cecil,7
wearable,7
silent,7
masala,7
gonna,7
profile,7
echame,7
bees,7
smtown,7
spanish,7
captured,7
crosswalk,7
caterpillar,7
ghibli,7
heroine,7
altered,7
alto,7
woodworking,7
jerk,7
everywhere,7
vest,7
tracking,7
kraft,7
stacy,7
sneaking,7
greatly,7
hitters,7
penguins,7
anvil,7
livery,7
plunge,7
beekeeping,7
pardons,7
leaves,7
orbits,7
several,7
narrowly,7
avoids,7
piers,7
brantley,7
experiences,7
volunteering,7
gaining,7
sd,7
ronaldinho,7
s2e1,7
gilbert,7
pipsqueak,7
believers,7
moms,7
vines,7
coogler,7
ups,7
nomination,7
arbitration,7
humongous,7
spinoffs,7
source,7
flat,7
vindertech,7
benz,7
appears,7
gods,7
equality,7
centrifuge,7
heathers,7
outtakes,7
sharpe,7
pretended,7
jigsaw,7
wagner,7
groupon,7
wide,7
calculator,7
whose,7
rodriguez,7
role,7
leg,7
anitta,7
influencer,7
occupied,7
astonishing,7
confirm,7
pepsihalftime,7
devil,7
cult,7
evacuate,6
swearing,6
fuite,6
seagull,6
deshaun,6
mattel,6
obscure,6
neighbors,6
surveillance,6
viewer,6
priceless,6
stronger,6
criss,6
lagola,6
lumiere,6
parenthood,6
bracer,6
schutt,6
ghosts,6
bro,6
entrevista,6
marcus,6
ayrton,6
period,6
asts,6
loneliest,6
expected,6
macbook,6
communist,6
hurricane,6
opposite,6
ms,6
meatballs,6
duran,6
roast,6
coutinho,6
fell,6
gutowski,6
chevy,6
tonnes,6
lavalier,6
eurovision,6
nationalstudentwalkout,6
mudslides,6
connected,6
tablet,6
rampage,6
maple,6
beirut,6
rod,6
recruitment,6
productive,6
kpop,6
mount,6
joyful,6
racy,6
perfumes,6
nights,6
cott,6
snoke,6
sending,6
spacecraft,6
tanton,6
telling,6
general,6
nword,6
eisenstein,6
veteran,6
retiring,6
incomplete,6
oddparents,6
village,6
humming,6
tripadvisor,6
catio,6
corporation,6
baldwin,6
flavors,6
treadmill,6
october,6
alley,6
differences,6
craigslist,6
rumor,6
inteview,6
amapola,6
ciutat,6
preparedness,6
overruled,6
comfort,6
chilean,6
euro,6
aquarius,6
mcewan,6
kazakhstan,6
kazakh,6
supermoon,6
giannis,6
antetokounmpo,6
hurdles,6
brawl,6
adelaide,6
electrocuted,6
commentaries,6
critics,6
entertaining,6
wh,6
johansson,6
agung,6
tholes,6
telemetry,6
browns,6
recovered,6
su,6
patricia,6
outerwear,6
fiebre,6
falldown,6
domino,6
sergei,6
fut,6
inclusive,6
congressman,6
conyers,6
zip,6
palance,6
salted,6
1211,6
networks,6
bears,6
recounts,6
omnidirectional,6
tampon,6
pads,6
fabulous,6
expansion,6
younger,6
miniature,6
obviously,6
akana,6
tlc,6
latina,6
stalin,6
passed,6
bomber,6
playoff,6
furry,6
federal,6
koala,6
caf,6
nyx,6
sociology,6
mathew,6
parrot,6
lane,6
scrolls,6
linda,6
pisces,6
protest,6
emoji,6
kordei,6
maine,6
cara,6
delevingne,6
wu,6
pansino,6
eastern,6
irrita,6
etiquette,6
titans,6
benoist,6
burning,6
spooky,6
bore,6
scientist,6
heist,6
killas,6
elvis,6
displays,6
stomp,6
attn,6
frames,6
telescope,6
slender,6
microphone,6
sorrow,6
budget,6
bodysuit,6
julius,6
degeneres,6
charter,6
performances,6
stomach,6
berlin,6
resignation,6
jeremy,6
count,6
scandals,6
zurcaroh,6
impresses,6
remains,6
munn,6
trucking,6
sochi,6
core,6
tran,6
harass,6
mash,6
sseldorf,6
schweetz,6
rosanna,6
quintuple,6
rollercoaster,6
hailey,6
butterbeer,6
baio,6
emojis,6
stranding,6
supernova,6
lissie,6
souls,6
jamaica,6
bling,6
catchy,6
photographs,6
grass,6
webber,6
temptations,6
skaters,6
mud,6
astros,6
bolen,6
boost,6
peanut,6
schizophrenia,6
aniston,6
ariel,6
inca,6
robbed,6
randle,6
cheng,6
cooked,6
seaborn,6
squishies,6
selfies,6
contracts,6
briggs,6
knowles,6
african,6
minor,6
magazine,6
cartoons,6
brenner,6
additional,6
gardens,6
vivo,6
bootylicious,6
darren,6
highs,6
carla,6
sandals,6
vargas,6
drummer,6
ingredient,6
abandona,6
vibrating,6
bombs,6
timeline,6
averted,6
peacock,6
feminine,6
blissing,6
1987,6
tidying,6
tasting,6
jeanine,6
esportiva,6
popemobile,6
wr,6
airing,6
madilyn,6
successful,6
522,6
slooh,6
kkandbabyj,6
nz,6
bishop,6
scarlett,6
berlagawesome,6
justicier,6
qu,6
pocky,6
warmup,6
lows,6
alerts,6
wags,6
oreal,6
characteristics,6
fairly,6
recommended,6
england,6
bark,6
cannibalism,6
frappuccino,6
disappointed,6
latino,6
fictions,6
supergirl,6
feast,6
tracked,6
suntimes,6
custody,6
aboard,6
regret,6
wrapped,6
abused,6
subpoena,6
deutsche,6
stretch,6
standing,6
halloween,6
inequality,6
slave,6
spewing,6
delit,6
asleep,6
ripping,6
bff,6
af,6
declara,6
absolutely,6
elkins,6
bunch,6
must,6
fd,6
accordion,6
shinin,6
welsh,6
mine,6
coon,6
blumhouse,6
3502,6
pretzel,6
vanellope,6
pergunta,6
beware,6
evolutions,6
eggert,6
filed,6
felicity,6
haunting,6
maxi,6
labor,6
oop,6
shouts,6
ikeas,6
reunited,6
policewoman,6
krieger,6
masterclass,6
discussion,6
creates,6
repair,6
destroyer,6
loco,6
archuleta,6
hufflepuff,6
stopping,6
mcdermott,6
reverberation,6
commodore,6
breeding,6
activist,6
bourdain,6
dodgeball,6
ferris,6
outsider,6
kolkata,6
lecter,6
closing,6
navigator,6
insider,6
chew,6
nrol,6
chuffed,6
particle,6
coller,6
males,6
robotics,6
dunkey,6
therapy,6
microscope,6
1psi,6
ea,6
tune,6
bookshelf,6
parachuted,6
lax,6
designing,6
stefon,6
bikes,6
illustrated,6
64,6
disguises,6
competitor,6
trochoid,6
chickadee,6
probes,6
iv,6
vr180,6
thieves,6
proud,6
holoday,6
postgame,6
painted,6
permanent,6
lactose,6
propeller,6
predatory,6
disgusted,6
parenting,6
succeeding,6
sodastream,6
sativa,6
77,6
mckeen,6
portion,6
naturally,6
paparazzi,6
invasion,6
ghanoush,6
1224,6
boltr,6
steam,6
random,6
quadruple,6
symmetry,6
1866,6
den,6
styled,6
electricity,6
rony,6
ar,6
sremmurd,6
kiyoko,6
kinky,6
villanova,6
annoying,6
ants,6
punishment,6
papa,6
bald,6
wallows,6
harbour,6
geography,6
philbert,6
snuck,6
meringues,6
ocarina,6
gma,6
bray,6
wynn,6
slice,6
lighting,6
1950s,6
experimental,6
fingerling,6
modular,6
infamous,6
heals,6
shoutouts,6
combo,6
1214,6
tipsy,6
fanning,6
suspends,6
hangs,6
freestyles,6
labrador,6
hanukkah,6
beefbot,6
surfer,6
fursuit,6
cheban,6
aftershow,6
latte,6
lesser,6
relaunch,6
keisha,6
baba,6
hannibal,6
crepe,6
stores,6
student,6
coins,6
handwriting,6
stephens,6
aunty,6
donna,6
shepherd,6
timesup,6
alpha,6
watts,6
papillon,6
winslet,6
sodasoak,6
abovitz,6
commissioner,6
clears,6
beside,6
freestyle087,6
entering,6
sill,6
nazar,6
giuliani,6
renee,6
loved,6
enginerding,6
gate,6
gohmert,6
prices,6
leroy,6
holds,6
stopped,6
mcgraw,6
candles,6
120k,6
owl,6
milking,6
known,6
pudding,6
fleurdeforce,6
mailman,6
nightstand,6
47,6
investigated,6
richard,6
mille,6
introductory,6
herm,6
cardiff,6
wannabe,6
sanchez,6
pitching,6
sketches,6
hayley,6
curious,6
starrr,6
hairstyle,6
enthusiast,6
quotes,6
si,6
dropping,6
maccabeats,6
survivalist,6
privacy,6
attitude,6
skit,6
mysterio,6
parham,6
gemini,6
homicide,6
shiva,6
804,6
overpopulation,6
wyatt,6
brick,6
nightmare,6
musician,6
supreme,6
intolerance,6
concession,6
behavior,6
destroyed,6
leap,6
pigs,6
tackle,6
ou,6
motherless,6
cappuccino,6
private,6
negra,6
sinkhole,6
roadtrip,6
mousse,6
hank,6
gag,6
bromance,6
approved,6
spilling,6
poeltl,6
partners,6
shitposting,6
tonne,6
amara,6
divisive,6
confess,6
thovex,6
waithe,6
cashier,6
aspen,6
vide,6
christine,6
alfie,6
wiggins,6
minis,6
praying,6
protesting,6
defeat,6
whilst,6
novelization,6
proposals,6
unedited,6
tati,6
slimes,6
unfiltered,6
removes,6
lowry,6
along,6
lighttheworld,6
wombat,6
lena,6
michelangelo,6
tampons,6
harmonies,6
alexander,6
flinch,6
jontron,6
stays,6
lately,6
787,6
dreamliner,6
adams,6
marries,6
downs,6
kicks,6
appetit,6
zil,6
peak,6
influenced,6
chemicals,6
europeans,6
punjab,6
yodeling,6
demarcus,6
flay,6
sixers,6
kip,6
prettier,6
reportedly,6
bleachers,6
windows,6
candide,6
boarding,6
sous,6
reporters,6
israelis,6
palestinians,6
mendy,6
moby,6
brushes,6
executive,6
fact,6
sexist,6
discovers,6
quattro,6
u18s,6
excel,6
mates,6
others,6
defiant,6
dre,6
aired,6
clive,6
sydelko,6
jepsen,6
lecture,6
naehrwert,6
135,6
fred,6
fanfilm,6
download,6
trail,6
sire,6
34c3,6
tomlinson,6
meringue,6
cecily,6
midshipmen,6
filthy,6
ungar,6
mister,6
conditions,6
vonn,6
unofficial,6
evolve,6
hawk,6
knuckles,6
backseat,6
voldemort,6
release,6
belichick,6
carly,6
closets,6
derrek,6
trilogy,6
heir,6
guessing,6
pinz,6
glassman,6
teams,6
authority,6
sh,6
desperate,6
bowler,6
plutoo,6
zodiac,6
ugandan,6
leakes,6
bregoli,6
dapper,6
danielle,6
hanging,6
nene,6
rejects,6
thorne,6
mcgrady,6
meds,6
asthmatic,6
melts,5
disassembly,5
regarding,5
expo,5
tracey,5
conway,5
birds,5
cows,5
zu,5
complete,5
a7s,5
teddy,5
greyson,5
collapse,5
rosemarie,5
limbs,5
struff,5
recounting,5
awkwafina,5
ze,5
succulent,5
timothee,5
vamps,5
buttercream,5
earl,5
thrand,5
cycles,5
lofty,5
thunderbird,5
connecting,5
beretta,5
madden,5
discounted,5
supermarkets,5
kellyanne,5
renovation,5
dictionary,5
aspic,5
zara,5
marteen,5
beast,5
buddies,5
s3x8,5
evelyn,5
winnie,5
lawmakers,5
garbage,5
gloss,5
owes,5
fountain,5
endless,5
variations,5
graduated,5
guldies,5
fujibayashi,5
katc,5
thegn,5
nominees,5
lawyer,5
management,5
tua,5
ruth,5
steampunk,5
null,5
nut,5
memories,5
clements,5
kurious,5
wix,5
tigers,5
pollock,5
recalls,5
moonlight,5
survived,5
repeal,5
cluster,5
addressing,5
unhinged,5
celeb,5
bei,5
km,5
relevance,5
barge,5
savory,5
denmark,5
boards,5
stl,5
heartbreaking,5
republican,5
jaiden,5
junkies,5
herbert,5
guidelines,5
staudt,5
solihull,5
aonuma,5
okay,5
weekdays,5
4pm,5
omakase,5
forbidden,5
oranj,5
taffy,5
equations,5
apron,5
bender,5
aiken,5
yacht,5
rely,5
pesto,5
snowmen,5
strategy,5
lepore,5
props,5
houzz,5
viola,5
romantic,5
lure,5
runners,5
fu,5
montezuma,5
granola,5
clownfish,5
lick,5
friederike,5
pilotenleistung,5
domo,5
hamburgers,5
entombed,5
liked,5
walton,5
lennard,5
schoolboy,5
extravaganza,5
retreat,5
iamwhatimakeup,5
charger,5
candies,5
regional,5
mtn,5
dew,5
bader,5
ginsburg,5
zylka,5
relay,5
dl,5
locations,5
cameraman,5
frame,5
peloton,5
thorn,5
71,5
mistaken,5
pushchairs,5
enberg,5
dangling,5
scholl,5
shady,5
cells,5
sturm,5
grandiose,5
lauryn,5
slays,5
btsonbbcr1,5
deviled,5
hammond,5
clothing,5
dewan,5
grudge,5
blk,5
skies,5
math,5
gossip,5
memphis,5
rituals,5
adapter,5
academy,5
western,5
sore,5
manager,5
snowglobe,5
fangirl,5
97,5
dolan,5
photographer,5
pursuits,5
workouts,5
peristaltic,5
symon,5
regular,5
bans,5
rut,5
perfectionists,5
thermos,5
maneuver,5
elbow,5
biel,5
shared,5
scooter,5
hybrid,5
stress,5
strollers,5
motherhood,5
serene,5
rusted,5
butcher,5
villa,5
generation,5
bis,5
seitenwind,5
darkness,5
adsense,5
explodes,5
battlefield,5
clancy,5
firefighting,5
falcons,5
18th,5
trendy,5
geoff,5
avoided,5
phenomenon,5
microwave,5
wounded,5
42fab,5
logos,5
deadmau5,5
pressure,5
addition,5
spilled,5
brockhampton,5
powerfull,5
hypothesis,5
isaiah,5
scars,5
crashing,5
sell,5
poll,5
granulated,5
intelligent,5
alleged,5
fling,5
din,5
gunpoint,5
snowboarding,5
tread,5
cliff,5
skidding,5
artichoke,5
detecting,5
scales,5
raiding,5
mystical,5
votes,5
challenges,5
concern,5
dieting,5
baquet,5
reacted,5
jello,5
bezos,5
shortened,5
downhill,5
affair,5
type,5
bassline,5
thou,5
daydream,5
tagovailoa,5
haitian,5
schnapp,5
hormones,5
compressed,5
aimee,5
matrix,5
killers,5
analyzer,5
hardest,5
mermuys,5
elevator,5
416,5
vevo,5
chats,5
gelatin,5
brownie,5
larsson,5
vlogging,5
cinematic,5
harlow,5
carlie,5
2r,5
italy,5
aria,5
covergirl,5
empty,5
tacoma,5
reports,5
score,5
spurs,5
favored,5
saban,5
nitro,5
colin,5
6d,5
jaw,5
jews,5
sparkee,5
ubisoft,5
cfl,5
forecast,5
lands,5
photovoltaic,5
dame,5
immigration,5
ave,5
frogs,5
ruining,5
collective,5
tarnish,5
snowplow,5
hawkins,5
financial,5
mccarthy,5
sfa,5
gifts,5
hiccups,5
patton,5
cnet,5
hls,5
directions,5
strobe,5
valuable,5
sneakers,5
hoonigan,5
pot,5
absurd,5
patient,5
rapper,5
mulaney,5
cuddles,5
puma,5
glitter,5
dep,5
overdose,5
medications,5
boeheim,5
800,5
dobrev,5
bafta,5
literacy,5
peelies,5
offerman,5
breakthrough,5
deepstate,5
saget,5
heidelberg,5
rewrite,5
skrillex,5
galantis,5
bruce,5
calgary,5
upgrade,5
21st,5
hirai,5
wallaby,5
platypus,5
package,5
cho,5
bleed,5
socks,5
chyna,5
sibling,5
mio,5
leia,5
takeaway,5
rocker,5
grieving,5
rated,5
977359,5
sharks,5
busiest,5
neodymium,5
joss,5
decorator,5
380,5
reimer,5
nifty,5
979280,5
throttle,5
zacari,5
legit,5
sometimes,5
lib,5
gadot,5
ban,5
sasha,5
flapping,5
dinah,5
results,5
seacrest,5
butterfield,5
ikon,5
scenario,5
picnic,5
nichola,5
lateral,5
rest,5
flyers,5
cooler,5
bethany,5
miata,5
indoor,5
punderland,5
rats,5
kidspartygoals,5
uncensored,5
rivalry,5
segura,5
likable,5
eachother,5
surprised,5
mamamoo,5
mcavoy,5
bree,5
pissant,5
oswalt,5
coat,5
paije,5
q4,5
105th,5
billion,5
leaving,5
kaz,5
kart,5
mcu,5
discoveries,5
janu,5
mill,5
sketchy,5
bangtan,5
sees,5
wendover,5
disappointment,5
stylists,5
accidental,5
taxpayers,5
freeways,5
asa,5
techniques,5
hugo,5
russians,5
weei,5
bingo,5
sirah,5
stampeders,5
argonauts,5
mota,5
dt,5
snackaging,5
blackberry,5
maze,5
laughs,5
mandisa,5
accept,5
adidas,5
aztec,5
skeletons,5
rollins,5
cheetos,5
stadiums,5
waking,5
catfish,5
ifixit,5
kobliner,5
average,5
feelunique,5
hook,5
firefighters,5
wingsuit,5
sides,5
platten,5
essential,5
franklin,5
granted,5
cheer,5
arranged,5
fruitarian,5
failure,5
listen,5
whatever,5
coroner,5
apparent,5
uconn,5
saturdays,5
wisconsin,5
prompt,5
beth,5
peely,5
magnet,5
eric,5
tough,5
ats,5
ago,5
headdress,5
gwyneth,5
rd,5
megapixel,5
mladic,5
malfunctioned,5
mythical,5
pursuit,5
gnats,5
applause,5
indigo,5
777,5
geeks,5
autumn,5
belmont,5
swarms,5
hornets,5
plum,5
erupt,5
greek,5
ergodox,5
dutch,5
performers,5
skarsg,5
captain,5
flirting,5
interactions,5
crowds,5
blackpink,5
genocide,5
hairstylist,5
shongololo,5
nesbitt,5
storycorps,5
kemba,5
available,5
magnum,5
ergonomic,5
henrik,5
applaud,5
deny,5
athenian,5
trend,5
ratko,5
sustr,5
justify,5
rosie,5
tightening,5
keanu,5
motorhome,5
ez,5
affordable,5
ck,5
churchill,5
evil,5
supertramp,5
seoul,5
wednesday,5
jackpot,5
namestnikov,5
renault,5
greg,5
boundary,5
kayley,5
tones,5
hela,5
covetton,5
paltrow,5
goop,5
handicap,5
blackboard,5
defense,5
jp,5
moaned,5
himawari,5
unified,5
32,5
garland,5
dollars,5
jlonow,5
escalates,5
bosnia,5
neat,5
brutal,5
fund,5
updos,5
pageant,5
ibiza,5
dankest,5
chose,5
remembering,5
grandmaster,5
images,5
behold,5
channing,5
playbutton,5
eq,5
farrow,5
predictions,5
gary,5
oldman,5
winston,5
harlaut,5
posts,5
tienghoa,5
capture,5
1940s,5
pulling,5
siedah,5
representing,5
20k,5
detectives,5
panels,5
kickoff,5
genetic,5
sweeping,5
equipment,5
harassing,5
flashpoint,5
rights,5
gruden,5
garrett,5
maui,5
knit,5
gravy,5
mixed,5
jeffrey,5
cartoon,5
caviar,5
boa,5
pastime,5
hasselblad,5
upcoming,5
pups,5
invented,5
iconic,5
louisiana,5
allega,5
volatile,5
customer,5
diesel,5
schlansky,5
rain,5
microwaved,5
tambor,5
misterwives,5
bipartisan,5
comedic,5
disgrace,5
civil,5
mass,5
mods,5
incoming,5
pandas,5
competiton,5
earphones,5
primes,5
synchronized,5
retire,5
invades,5
trae,5
wrench,5
pelican,5
proth,5
polka,5
meant,5
marbles,5
grills,5
tent,5
pagos,5
78557,5
benching,5
dwane,5
fighterz,5
add,5
hash,5
terrestrial,5
stormed,4
phantom,4
sedona,4
vancamp,4
ebook,4
paints,4
subban,4
byrne,4
volcanic,4
4x4,4
elio,4
1937,4
started,4
those,4
flashing,4
sparrow,4
passes,4
revote,4
maiden,4
cristiano,4
jumper,4
brooklyn,4
nobody,4
suffered,4
laax,4
hull,4
demagnetizer,4
reginald,4
monkeynomics,4
purrrfect,4
javale,4
hippo,4
fiona,4
tourists,4
tricks,4
spots,4
wichita,4
reopen,4
gorillas,4
nailed,4
ai,4
meatloaf,4
juggle,4
killa,4
height,4
atomic,4
clou,4
issa,4
silly,4
milla,4
collider,4
chihuahua,4
fairlane,4
mcgee,4
burrell,4
forum,4
canucks,4
ssb,4
machining,4
blythe,4
overhaul,4
ballistic,4
sprouse,4
burnett,4
acetone,4
amish,4
ali,4
pbs,4
newshour,4
reunites,4
intricate,4
robbins,4
guatemala,4
unisex,4
asians,4
hilson,4
mishap,4
packing,4
asos,4
gaslight,4
turnover,4
zoo,4
carolyn,4
evening,4
damage,4
caoch,4
fever,4
nominee,4
minnette,4
boot,4
faces,4
edith,4
npc,4
adas,4
taxes,4
roomba,4
rodeo,4
debunk,4
cutouts,4
arduino,4
gravesite,4
danica,4
boundaries,4
fei,4
sudden,4
predators,4
poorest,4
foy,4
thirst,4
strands,4
shania,4
alec,4
ios,4
ditching,4
congrats,4
celebrates,4
wiring,4
tuesday,4
interracial,4
ecuador,4
spectrum,4
dji,4
unfolds,4
overprotective,4
bloating,4
member,4
sega,4
creamed,4
exists,4
jovovich,4
roem,4
microwaves,4
medals,4
keri,4
santos,4
purge,4
ritual,4
outback,4
castro,4
carlisle,4
likely,4
paulino,4
weathertech,4
democrats,4
haspel,4
sleeps,4
uv,4
neon,4
rocks,4
vldl,4
l2,4
monthly,4
measuring,4
rpm,4
uchicago,4
malibu,4
beatles,4
origami,4
andopolis,4
soup,4
folded,4
celebrated,4
irv,4
steffanina,4
frnd,4
beginning,4
fluttering,4
cinnamon,4
pimpin,4
cullen,4
blaze,4
sequels,4
article,4
curved,4
forbes,4
gawthrop,4
v2,4
newlyweds,4
attacker,4
gateway,4
vicdibitetto,4
spinach,4
springloaded,4
equalizer,4
reflects,4
blast,4
blackbear,4
parking,4
zotto,4
zuma,4
depression,4
tooth,4
twain,4
mavericks,4
samy,4
kamkar,4
drifting,4
toe,4
sunscreen,4
resist,4
inventor,4
skylar,4
bizarre,4
kaepernick,4
remove,4
pencils,4
roasts,4
tug,4
981575,4
speks,4
pynk,4
quills,4
kerr,4
mcatee,4
regrow,4
oil,4
joyner,4
animojis,4
146,4
rediscover,4
blues,4
sanctuary,4
sixteen,4
beverley,4
solidarity,4
wheel,4
gemma,4
bolder,4
lia,4
paid,4
96k,4
laserdisc,4
xbox,4
turntable,4
freeform,4
cnc,4
perf,4
hospitals,4
confused,4
fetty,4
forth,4
pain,4
sustains,4
thai,4
bossy,4
bucket,4
danger,4
basmati,4
cakes,4
kangaroo,4
pressures,4
000hp,4
660,4
rankings,4
sail,4
122,4
dp,4
intuit,4
flite,4
easier,4
midgame,4
senior,4
drawers,4
cruelty,4
translations,4
mcgowan,4
cub,4
devel,4
avalon,4
hollow,4
decide,4
killing,4
33,4
liars,4
wingo,4
nneka,4
wikipedia,4
twitch,4
dumping,4
radar,4
livin,4
climb,4
wap,4
premature,4
emas,4
gillibrand,4
recognition,4
hint,4
terrence,4
ballet,4
generations,4
utopia,4
expiration,4
misleading,4
ion,4
golic,4
frugal,4
shoutout,4
les,4
amazones,4
valises,4
soundscape,4
enlarge,4
oils,4
dovetails,4
puncture,4
wieber,4
understand,4
either,4
ambushed,4
marathon,4
preshow,4
shibori,4
enclosures,4
bullies,4
decades,4
saddest,4
cuban,4
undertaker,4
47f,4
afrique,4
upgrades,4
eleksmaker,4
krystal,4
dazed,4
brutally,4
delivering,4
marvin,4
s2e09,4
avocados,4
contact,4
dreamer,4
exposes,4
mobo,4
fissures,4
frying,4
cunningham,4
pronounce,4
toes,4
damian,4
cain,4
bottleless,4
boat,4
denon,4
et,4
porcupine,4
technician,4
tig,4
notaro,4
guacworld,4
defined,4
boho,4
diego,4
acrylic,4
bored,4
redline,4
naias,4
giamatti,4
thin,4
dum,4
ultimately,4
mornings,4
maclean,4
kirsten,4
delight,4
dye,4
soulful,4
nws,4
trio,4
bending,4
dupe,4
lux,4
fuel,4
stephanopoulos,4
robinson,4
ramen,4
wolfgang,4
carat,4
003,4
jansen,4
worship,4
sheryl,4
suspicious,4
vladimir,4
wolverines,4
mosaic,4
upton,4
outfitters,4
doors,4
yerry,4
mina,4
strandbeest,4
dell,4
hardwood,4
patagonian,4
rainsford,4
intentions,4
santoro,4
mozthemonster,4
lots,4
hillsong,4
coyote,4
romance,4
ahora,4
wooden,4
license,4
concussions,4
verlander,4
unveiling,4
soda,4
xps,4
rates,4
carlson,4
ferocious,4
krispy,4
bosses,4
wisin,4
seinfeld,4
server,4
hoekstra,4
dodge,4
matchboxes,4
encoder,4
embosser,4
infowars,4
kreme,4
fanny,4
stratus,4
menace,4
tractor,4
aborted,4
cheesesteaks,4
macey,4
donating,4
listeners,4
trustworthy,4
avenger,4
gravity,4
shazam,4
farmers,4
hensley,4
trivia,4
putin,4
masterfully,4
tamed,4
ellevan,4
monopoly,4
uses,4
admirals,4
agent,4
dubbed,4
flooring,4
restaurants,4
humble,4
poet,4
duel,4
naples,4
cgi,4
vietnam,4
plumes,4
knockoff,4
brave,4
noodle,4
sensor,4
prinze,4
pavlova,4
lectures,4
ferret,4
rs,4
southwest,4
eagle,4
traditional,4
saigon,4
unbeatable,4
programming,4
gellar,4
repeals,4
det,4
wildcats,4
continental,4
potters,4
clocks,4
leibovitz,4
lion,4
drawer,4
coogan,4
theron,4
cardistry,4
puff,4
officers,4
govsat,4
980323,4
trinitron,4
rants,4
sourdough,4
response,4
held,4
charlize,4
gain,4
production,4
thole,4
tb,4
shaping,4
pottery,4
compare,4
ems,4
draws,4
rczy,4
fw17,4
rebuild,4
dipclip,4
secure,4
stun,4
untangling,4
calcinosis,4
bellator,4
bonkers,4
nugget,4
prelude,4
touched,4
heli,4
constance,4
cutis,4
hostility,4
loftbed,4
crappy,4
130,4
plier,4
norwalk,4
sdc,4
toward,4
therapist,4
1991,4
pontiac,4
bc,4
corkscrew,4
stains,4
kodachrome,4
nine,4
narrating,4
system,4
loki,4
declares,4
zimmer,4
unreal,4
berkshire,4
coach,4
starts,4
witherspoon,4
pirozhki,4
reese,4
pine,4
melt,4
confession,4
losers,3
holder,3
doubting,3
charges,3
tmnt,3
eastman,3
1920s,3
jojo,3
tmillytv,3
reform,3
resin,3
styrke,3
takahashi,3
mt,3
plow,3
lawn,3
mower,3
hack,3
salad,3
regions,3
chasers,3
lineman,3
looms,3
finn,3
chili,3
theybf,3
hardly,3
bateman,3
serena,3
onscreen,3
pipe,3
ladies,3
nobel,3
mistake,3
mrs,3
peopoly,3
matterhackers,3
scorpion,3
kenya,3
diva,3
beater,3
serenades,3
religion,3
bullitt,3
exploration,3
stern,3
newest,3
staronfox,3
engines,3
stockholm,3
permanently,3
css,3
norman,3
demonstration,3
upset,3
zolciak,3
holt,3
ipod,3
paterno,3
scorched,3
1980,3
dragging,3
amateur,3
embassy,3
oven,3
shampoo,3
truths,3
ourselves,3
klaus,3
hms,3
414,3
flynn,3
clapper,3
scandal,3
cypher,3
surfing,3
129,3
roan,3
bicopter,3
spinner,3
surprisingly,3
moai,3
textron,3
iot,3
dominant,3
bench,3
cringe,3
ascend,3
cma,3
wanted,3
cured,3
flashlight,3
littlebits,3
learnt,3
snowboarder,3
hutcherson,3
pm,3
coy,3
ruffin,3
mitch,3
mcconnell,3
sriracha,3
biermann,3
liability,3
teases,3
closes,3
callister,3
douglas,3
viewers,3
rapid,3
vice,3
israel,3
sussett,3
climbers,3
registered,3
ref,3
commanding,3
porsha,3
kandi,3
lips,3
shaves,3
roberts,3
camouflage,3
volcom,3
gotten,3
sole,3
dapulse,3
verizon,3
hugged,3
8k,3
ignition,3
hq2,3
chappelle,3
lester,3
dongles,3
pacino,3
webb,3
chandler,3
infinite,3
liftback,3
raid,3
stracci,3
scaling,3
quest,3
takei,3
nh,3
herning,3
netanyahu,3
threaten,3
despite,3
shrek,3
mice,3
mortal,3
smashes,3
mcadams,3
accounts,3
liangelo,3
unsane,3
reedus,3
sheets,3
cheesecake,3
chappell,3
geek,3
warmups,3
ambitions,3
ruffalo,3
dow,3
stoneman,3
est,3
lush,3
weinstein,3
edna,3
conveyor,3
woodpecker,3
burruss,3
kamasutra,3
fist,3
briefed,3
smell,3
lamelo,3
keylogger,3
screw,3
chinook,3
spacewalk,3
kona,3
wolf,3
sla,3
nation,3
nearly,3
marjory,3
paintballs,3
riggs,3
mali,3
droid,3
orders,3
iro3d,3
painter,3
portia,3
rossi,3
acting,3
snippet,3
brides,3
op,3
markets,3
exixe,3
lettering,3
loudly,3
cunning,3
poppies,3
raspberry,3
ablaze,3
280zx,3
gallagher,3
dry,3
sculpting,3
literal,3
congressional,3
alfred,3
bugs,3
todd,3
nsc,3
spinoff,3
solid,3
bias,3
busy,3
scottie,3
parachute,3
ozil,3
monreal,3
skyfall,3
amelia,3
earhart,3
calligraphy,3
tanker,3
sram,3
bareilles,3
cm,3
eggie,3
documentary,3
shinsuke,3
beauties,3
modeling,3
interlude,3
kisser,3
ikigai,3
swingers,3
alienist,3
labeouf,3
industry,3
imkaan,3
opioid,3
sichuan,3
somethin,3
connect,3
promposal,3
gaffigan,3
philosophy,3
meganbytes,3
crimp,3
dedicated,3
atv,3
dub,3
watermarbling,3
avaya,3
jose,3
camerota,3
manufacturing,3
aces,3
collins,3
thriller,3
attends,3
wav,3
observations,3
unrigged,3
evacuated,3
cartelli,3
orca,3
asean,3
awry,3
connector,3
rubbish,3
ravaged,3
mindset,3
mckayala,3
watermarble,3
violet,3
ivf,3
psychological,3
shia,3
checking,3
playstation,3
behavioral,3
breakaway,3
moonshine,3
sex,3
painful,3
issue,3
chosen,3
unforgettable,3
moronic,3
ironic,3
aiono,3
vomited,3
serenaded,3
spikes,3
gangnam,3
redskins,3
elder,3
puzzle,3
economics,3
startin,3
bittenbinder,3
sucking,3
kimbra,3
pippen,3
brynn,3
labeled,3
ayesha,3
tegan,3
s130,3
maroney,3
pallet,3
diamonds,3
vib,3
convincing,3
prescription,3
liters,3
showed,3
funk,3
struggles,3
reminisces,3
bulls,3
radiators,3
spotmini,3
avocado,3
latelateshawn,3
rehearsals,3
embryo,3
alisyn,3
forming,3
382,3
quartz,3
cleaning,3
kidman,3
bong,3
desktop,3
silverado,3
plumper,3
standup,3
ferrera,3
technical,3
arsenal,3
jst,3
donates,3
salary,3
floorplan,3
kathie,3
sportswriter,3
primer,3
places,3
standard,3
batch,3
angelina,3
jolie,3
ruby,3
edgar,3
ajit,3
assaults,3
hol,3
dodging,3
ivan,3
sciencetake,3
dupont,3
spray,3
occasions,3
powerball,3
quayle,3
swipes,3
tumbleweeds,3
gog,3
padmashali,3
vfx,3
foamcore,3
sketching,3
jonny,3
thum,3
ruel,3
gap,3
pai,3
riley,3
feminist,3
offence,3
mankind,3
ha,3
junk,3
bulb,3
roots,3
presentation,3
summit,3
chriselle,3
posing,3
dunkin,3
armoured,3
padilla,3
91,3
specialist,3
psa,3
rivaz,3
spiderman,3
akkai,3
drowning,3
papal,3
tart,3
smiles,3
coil,3
hobby,3
gasoline,3
emmy,3
brenns,3
holo,3
handles,3
highway,3
chairman,3
sentenced,3
benny,3
clans,3
blair,3
nike,3
athlete,3
animating,3
137,3
crackers,3
jvxnj,3
plunger,3
kisses,3
hoodie,3
850,3
pods,3
sporcle,3
trudeau,3
mazzz,3
craftsman,3
hindi,3
galore,3
selma,3
dreamed,3
dons,3
cree,3
instruments,3
craft,3
madonna,3
values,3
resting,3
situations,3
barragan,3
benassi,3
freeway,3
pour,3
cpr,3
passion,3
shrinking,3
volt,3
littiest,3
lim,3
lotto,3
crossovers,3
typing,3
attendants,3
foreigner,3
threat,3
defeats,3
gabrielle,3
varvatos,3
politics,3
slammed,3
asia,3
zipper,3
offer,3
such,3
bearing,3
collapsed,3
instant,3
slurs,3
uso,3
und,3
shiffrin,3
defeated,3
poppin,3
etch,3
aspirations,3
thumb,3
der,3
ravens,3
409,3
buds,3
elf,3
gas,3
145,3
artistic,3
mikaela,3
ferras,3
wed,3
nervous,3
ally,3
brooke,3
cutest,3
debate,3
epilepsy,3
hid,3
nor,3
zombie,3
responders,3
queens,3
commonly,3
pageants,3
thinnest,3
failarmy,3
aunts,3
berliner,3
bahnlinie,3
matoma,3
texans,3
rhobh,3
shelf,3
ecosystem,3
zippers,3
adding,3
samuel,3
poy,3
luggage,3
owns,3
interning,3
augmented,3
naomi,3
noise,3
quad9,3
photoshop,3
isis,3
babysitting,3
novak,3
evicted,3
beal,3
chillin,3
firework,3
kronengold,3
insensitive,3
refuel,3
riches,3
typography,3
mm,3
lupita,3
productivity,3
malcolm,3
inventing,3
culturally,3
tritones,3
interval,3
encontro,3
prop,3
rizzo,3
brolin,3
cruel,3
photochromic,3
campe,3
rookie,3
creation,3
m5,3
gig,3
enth,3
nd,3
daz,3
kickstarters,3
djokovic,3
hyeon,3
4r,3
jefferson,3
edited,3
drift,3
ressence,3
jackets,3
presidential,3
dunkirk,3
storytelling,3
eyeball,3
classless,3
nsync,3
window,3
firing,3
nyong,3
sainty,3
moody,3
veteransday,3
titles,3
kerry,3
philip,3
succeed,3
slang,3
blasts,3
introduced,3
status,3
anyone,3
acts,3
ikea,3
rookies,3
aliens,3
including,3
doogee,3
blockers,3
fidelity,3
pee,3
surgical,3
bubl,3
mighty,3
250cc,3
barbie,3
ego,3
kahan,3
attachments,3
rallies,2
bing,2
rubio,2
dictators,2
despacito,2
gloria,2
research,2
chaka,2
khan,2
metalhead,2
lumina,2
accusers,2
kumail,2
excited,2
shouting,2
looked,2
rhythm,2
cutler,2
lor,2
delicious,2
geneva,2
swapped,2
distractions,2
fredette,2
anastasia,2
nationals,2
divas,2
mustache,2
discover,2
pinello,2
sequence,2
nato,2
boats,2
democracy,2
editor,2
cost,2
uss,2
jimmer,2
tops,2
rear,2
raises,2
mona,2
stock,2
nicknames,2
arkangel,2
tram,2
reject,2
cheeses,2
tracee,2
ellis,2
xxx,2
sf,2
groundbreaking,2
zach,2
fanboy,2
earlobe,2
electromechanical,2
curlers,2
affection,2
pixelbook,2
sweat,2
program,2
trevor,2
chang,2
mdna,2
kleiny,2
sucks,2
busted,2
explaining,2
sotu,2
info,2
ba,2
pinarello,2
sip,2
carmella,2
syndrome,2
caves,2
biology,2
attorney,2
bkav,2
speculates,2
inductees,2
introduces,2
gatorade,2
vote,2
labs,2
effort,2
svp,2
hooded,2
subscriber,2
nytro,2
prepping,2
cass,2
shaving,2
monae,2
nihon,2
disease,2
sakura,2
yagi,2
stephon,2
marbury,2
nanjiani,2
pornhub,2
wasted,2
theskimm,2
skimm,2
ibrahimovi,2
athletes,2
inheritance,2
crap,2
lispector,2
paulo,2
bitconnect,2
coup,2
ysl,2
authorized,2
boldly,2
3b,2
550,2
already,2
javascript,2
collector,2
kissimmee,2
coping,2
treated,2
rockwell,2
robots,2
twisters,2
enforcement,2
jlo,2
bespoke,2
otherworldly,2
foudy,2
leader,2
81,2
hygge,2
mischievous,2
lemurs,2
celine,2
stampede,2
workbench,2
addicting,2
rayes,2
tongue,2
safety,2
madison,2
baltimore,2
stls,2
atari,2
lynx,2
explore,2
candid,2
sandoval,2
iverson,2
kudrow,2
guerriero,2
defends,2
sedaris,2
shameer,2
fuller,2
lcd,2
cheetah,2
safari,2
oscilloscope,2
sharpening,2
spitfire,2
sarasota,2
chiefs,2
rowdy,2
messi,2
account,2
ruling,2
sacks,2
promise,2
978938,2
lagoon,2
hq,2
unsung,2
edm,2
adores,2
geforce,2
hdr,2
edgytokei,2
bale,2
boos,2
designed,2
pedestrian,2
kohanski,2
manifest,2
millennials,2
snart,2
regulatory,2
vanderpump,2
mecum,2
grindelwald,2
mobbed,2
hyped,2
bodak,2
birthdays,2
wwsb,2
bicyclist,2
ravages,2
mcwill,2
brexit,2
alignment,2
pressed,2
iceland,2
immense,2
sellers,2
jorja,2
honeymoon,2
isaac,2
homeland,2
lay,2
wigs,2
canta,2
11foot8,2
preparations,2
1936,2
pulls,2
ransson,2
discontinued,2
trolls,2
nogueira,2
technicolor,2
hire,2
kamchatka,2
maniac,2
lace,2
aaliyahjay,2
gretchen,2
b777,2
noob,2
cyberpunk,2
arrests,2
poisoning,2
sofie,2
scribe,2
loyalty,2
duck,2
trimming,2
brand,2
chester,2
sapp,2
inhumans,2
danes,2
trains,2
weapons,2
mustangs,2
software,2
explosive,2
capitol,2
deletion,2
250cm,2
uc,2
klyuchevskaya,2
julian,2
kl743,2
mercury,2
italia,2
clubs,2
squat,2
telephone,2
feeder,2
gin,2
cabrona,2
bastille,2
departure,2
staying,2
vcv,2
ucla,2
zooey,2
378,2
idiot,2
bigfoot,2
shuriken,2
notting,2
dennison,2
ph,2
toro,2
penske,2
toilets,2
slipper,2
bennington,2
central,2
rogan,2
enchiladas,2
sopka,2
rafa,2
milck,2
massmutual,2
discuss,2
stepper,2
cocktail,2
dossi,2
curve,2
haptic,2
glove,2
dimensions,2
wigmore,2
scare,2
bots,2
stratolaunch,2
ortiz,2
modernize,2
bvs,2
2077,2
shuffling,2
crude,2
150tb,2
gmm,2
backs,2
shocked,2
berkeley,2
grads,2
ludwig,2
puppeteers,2
richest,2
marz,2
morton,2
boxed,2
skull,2
viewing,2
grrr,2
crocodile,2
solitude,2
disarming,2
mines,2
suspension,2
pj,2
user,2
astin,2
classroom,2
lularoe,2
mackie,2
lunches,2
avi,2
1999magnetic,2
homecoming,2
bautista,2
warcraft,2
phoenix,2
suns,2
whale,2
moscow,2
eyebrows,2
leaked,2
jean,2
dolphins,2
customs,2
fla,2
clara,2
2011,2
jemele,2
orc,2
process,2
cloverfield,2
consultant,2
spanked,2
bffs,2
responding,2
knew,2
norris,2
conversational,2
mocks,2
53,2
freedawkins,2
swish,2
interactive,2
paradiso,2
os,2
tributo,2
rooftop,2
dax,2
groundhog,2
799,2
7233,2
commits,2
arpaio,2
2314,2
hangover,2
resurrection,2
masculinity,2
oubre,2
cinema,2
amc,2
5x06,2
comforted,2
newborns,2
14x09,2
koji,2
187,2
headlining,2
shocks,2
relief,2
bagheads,2
odom,2
godlike,2
shipwrecked,2
gobbler,2
brushing,2
981701,2
redefining,2
punches,2
exploiting,2
storms,2
lined,2
defeating,2
dupes,2
pushes,2
nuggets,2
cumple,2
rinde,2
tutorials,2
febvre,2
describe,2
grammer,2
guard,2
candyman,2
2cellos,2
56k,2
noire,2
screenshot,2
codes,2
hak5,2
revlon,2
romain,2
knob,2
illustrator,2
fuckin,2
taye,2
fiery,2
blinds,2
flop,2
both,2
punxsutawney,2
pia,2
donovan,2
mood,2
silverdome,2
halladay,2
6ix9ine,2
indicator,2
assassin,2
witton,2
jia,2
imploded,2
customized,2
ashton,2
vostok,2
mormon,2
cbsn,2
darth,2
headphone,2
mertens,2
housewives,2
bagley,2
creed,2
nasty,2
22mm,2
urus,2
na,2
entebbe,2
stealing,2
founding,2
inbreeding,2
taipei,2
ccu,2
spiders,2
glazed,2
elina,2
pk80,2
porch,2
irreplaceable,2
keys,2
successfully,2
drains,2
creator,2
elise,2
qf,2
coastline,2
brompton,2
funding,2
voltmeter,2
vader,2
svitolina,2
meng,2
colony,2
author,2
katya,2
tekashi69,2
kutcher,2
buckets,2
baked,2
manchester,2
myer,2
deserve,2
commish,2
marlins,2
demar,2
snub,2
slashing,2
derozan,2
quietly,2
marine,2
jinder,2
homekit,2
braids,2
derek,2
falk,2
envelope,2
containing,2
kiefer,2
calzones,2
opened,2
mahal,2
rematch,2
tucker,2
restrictions,2
lipsticks,2
fearless,2
spokesperson,2
sportsnation,2
panda,2
loesch,2
jeter,2
payroll,2
bagels,2
substance,2
blume,2
judy,2
exercising,2
regularly,2
casspi,2
rescuing,2
degenerate,2
emaciated,2
thrills,2
ace,2
radical,1
ketogenic,1
procucts,1
danakadan,1
abovethenoise,1
myweirdroommate,1
cher,1
region,1
melted,1
cochlear,1
connections,1
eduardo,1
whatsapp,1
macy,1
kellogg,1
flakes,1
18million,1
normal,1
markelle,1
16th,1
cooperation,1
certifiably,1
skipping,1
jagerbomb,1
athletic,1
debating,1
tremor,1
survives,1
meyer,1
tapper,1
testify,1
narcos,1
believes,1
newly,1
corn,1
password,1
mach,1
costar,1
chad,1
jt,1
breathtaking,1
uninvited,1
boyfriends,1
fultz,1
ceos,1
oladipo,1
hashtags,1
jorge,1
seer,1
tyga,1
smashburgers,1
implant,1
diminutives,1
phillip,1
phillips,1
plunges,1
jbj,1
promised,1
collaborate,1
breathe,1
affairs,1
shuttle,1
41,1
algorithm,1
prepared,1
accusing,1
staircase,1
gervais,1
meals,1
demoralizes,1
cinemascore,1
flamethrower,1
thrasher,1
wishing,1
theroux,1
675,1
ralphie,1
35,1
amphitheater,1
genasis,1
tarmac,1
transphobic,1
twitchy,1
unmasked,1
ue4,1
wright,1
overlook,1
09,1
zagitova,1
pronounces,1
wooo,1
autism,1
allred,1
rosamund,1
studi,1
politicians,1
cypress,1
ivanka,1
affected,1
compositing,1
facilities,1
scenic,1
dothraki,1
skelly,1
penelope,1
kalen,1
schoolers,1
bradshaw,1
macaskill,1
boring,1
jimbo,1
rendezvous,1
martian,1
waiting,1
alina,1
ranch,1
collide,1
forcing,1
skeleton,1
hallelujah,1
curiosity,1
skate,1
lohan,1
busks,1
disguise,1
detox,1
fx3,1
farrell,1
nun,1
140,1
grant,1
foxtrot,1
jinx,1
pike,1
teach,1
redbone,1
overtake,1
melvin,1
trial,1
letitia,1
masterson,1
pearson,1
ginuwine,1
harmonize,1
whether,1
verbal,1
pervasive,1
sanicas,1
486,1
wildstyle,1
oxford,1
enthusiasts,1
asm,1
mashed,1
sirens,1
jayson,1
bucks,1
fronteras,1
catchphrase,1
brosnahan,1
thug,1
write,1
derailed,1
claus,1
marcellus,1
prod,1
mayo,1
smooth,1
streisand,1
dceu,1
xxxix,1
buzzfeed,1
beams,1
obtains,1
wee,1
1950,1
randy,1
quan,1
extension,1
tarp,1
nets,1
dinners,1
tl,1
v1,1
linux,1
111,1
spiegel,1
huntington,1
oak,1
transition,1
bekah,1
panthers,1
creamy,1
raccoon,1
vogueing,1
garfield,1
psycho,1
contract,1
sense,1
scoreboard,1
dangles,1
emails,1
derren,1
rescues,1
dw,1
ozuna,1
sica,1
fatalities,1
easyeda,1
whiteley,1
satc,1
pk,1
walked,1
chefs,1
choking,1
zaza,1
pachulia,1
morten,1
transplant,1
barbra,1
milwaukee,1
gentoo,1
comin,1
wiley,1
whazzup,1
turkeys,1
word,1
jitt,1
shrouded,1
clinic,1
notice,1
floaties,1
giveaways,1
performing,1
ratatouille,1
lawmaker,1
joan,1
kickstart,1
genre,1
recycle,1
hunting,1
bipolar,1
biopic,1
fodder,1
ventimiglia,1
presses,1
matthieu,1
ricard,1
meditation,1
compassion,1
performed,1
gibson,1
riot,1
influences,1
heal,1
curtain,1
narrates,1
relive,1
nutrition,1
hunts,1
seabird,1
kensington,1
spreading,1
karen,1
slalom,1
greenland,1
cancelling,1
harington,1
bonet,1
brie,1
sevdaliza,1
burgundy,1
pole,1
tobacco,1
umbc,1
resorts,1
conception,1
demille,1
federally,1
tubes,1
yells,1
smoking,1
fairytale,1
esp32,1
jaguar,1
megan,1
freaked,1
wookiee,1
term,1
sounders,1
owen,1
tandem,1
cuomo,1
dined,1
nautilus,1
outrageously,1
explorer,1
hanks,1
active,1
caiman,1
scripts,1
mullally,1
peanuts,1
crock,1
intense,1
smalls,1
glider,1
handsy,1
timrollins,1
part1,1
altruistic,1
cursing,1
pattern,1
print,1
opener,1
wrecked,1
heckler,1
believin,1
twist,1
backflips,1
tribes,1
rehearses,1
smithereens,1
scaring,1
created,1
liv,1
emerge,1
muzo,1
cdc,1
breathing,1
immaculate,1
discusses,1
windsor,1
566,1
dabbed,1
halitrephes,1
discipline,1
argue,1
transmitter,1
quinta,1
tana,1
35735,1
kondo,1
courtney,1
madtown,1
05,1
aboah,1
zimmerman,1
removed,1
lover,1
poole,1
parsons,1
prodigy,1
purest,1
lucali,1
operation,1
hadwin,1
environmental,1
rid,1
berzerk,1
carmelo,1
redwing,1
hammam,1
vibes,1
crum,1
hitting,1
indie,1
billionaire,1
imaan,1
kuper,1
landslide,1
superpipe,1
vibranium,1
mongeau,1
410,1
namibia,1
writes,1
translate,1
moveiclips,1
coindaddy,1
crypto,1
ambassador,1
controller,1
mbux,1
cloves,1
shithole,1
form,1
divisional,1
kickapoo,1
iceberg,1
grocery,1
lovers,1
netherlands,1
orange,1
colection,1
shikari,1
slavery,1
condoms,1
sparkjoy,1
adwoa,1
gamecube,1
impeached,1
sights,1
dumbo,1
trader,1
superfan,1
40s,1
comedian,1
awaits,1
vergara,1
punish,1
lunged,1
patti,1
labelle,1
assaulted,1
amidst,1
crossover,1
smaller,1
pitcher,1
promoted,1
cases,1
frost,1
guru,1
maybelline,1
strategist,1
offensive,1
voting,1
apologizes,1
kuzma,1
primetime,1
deacon,1
insect,1
missguided,1
mulligan,1
mccain,1
shahidi,1
yas,1
biker,1
israeli,1
khia,1
dyed,1
andose,1
61,1
clooney,1
porgs,1
reginae,1
dolby,1
sung,1
eyelovemore,1
mules,1
penn,1
absolut,1
derp,1
avatar,1
417,1
certain,1
barbies,1
confronted,1
protecting,1
transform,1
monument,1
a5,1
file,1
portrait,1
unveiled,1
lightsaber,1
sacred,1
richman,1
collaboration,1
makeyourmark,1
pub,1
struggled,1
gigs,1
virgin,1
fortniteproam,1
motorcycle,1
wesley,1
yara,1
fourier,1
dismantles,1
camilla,1
bottled,1
among,1
writing,1
duk,1
identity,1
stiff,1
caps,1
amal,1
kasparov,1
damn,1
sunset,1
vodka,1
fischer,1
peking,1
unveils,1
starter,1
rata,1
beau,1
ivy,1
lunging,1
corruption,1
carter,1
tenenbaums,1
2x14,1
slams,1
parscale,1
denona,1
donation,1
56,1
doubts,1
surfers,1
slurpee,1
crashed,1
interaction,1
aiy,1
dc,1
richards,1
jacobson,1
visited,1
unstoppable,1
cheif,1
bodysurfer,1
confesses,1
models,1
worked,1
spews,1
crayola,1
heads,1
marching,1
mlk,1
openly,1
ros,1
stolen,1
partying,1
ilana,1
clint,1
eastwood,1
swedish,1
roof,1
lifeguard,1
reaching,1
passionate,1
103,1
glazer,1
macfarlane,1
blizzard,1
unexpected,1
demonstrating,1
conversion,1
galvin,1
annoyed,1
day1,1
martial,1
division,1
supercut,1
darlene,1
lightweight,1
champ,1
sphaera,1
claymation,1
feige,1
wk,1
blunder,1
ucb,1
yd,1
tired,1
49ers,1
goods,1
warns,1
abbi,1
waves,1
inertia,1
clarifies,1
gomezes,1
chinchilla,1
glee,1
salling,1
confrontation,1
redondo,1
aeriereal,1
dolls,1
turnovers,1
slick,1
blackson,1
tyronn,1
witnesses,1
disagree,1
min,1
criticism,1
caterham,1
hoy,1
picked,1
wonders,1
friendsgiving,1
swank,1
packers,1
brunette,1
showboating,1
drip,1
classical,1
composers,1
gsw,1
programs,1
exactly,1
endorsement,1
keillor,1
ybco,1
hacked,1
flexstrip,1
improvising,1
omri,1
proto,1
denzel,1
drafted,1
ast,1
shemar,1
within,1
facto,1
superconductor,1
overheating,1
34,1
peaking,1
dyke,1
lue,1
klondike,1
defied,1
error,1
katherine,1
langford,1
storming,1
nypd,1
midtown,1
pugs,1
button,1
circuit,1
haley,1
laws,1
rage,1
rainforest,1
garrison,1
shockwaves,1
jury,1
ws2812,1
